id,domain,status,purchase_price,renewal_price,attractiveness,demand,length,registrar,created_at,expires_at,status_verified_at
8bc53b1f-884e-4d1c-bb3f-5cdbad32d029,thrown.coupons,available,5.5,,medium,low,6,unstoppable,,,28/09/2026 09:15
5780a87f-faab-4879-8a63-389718c08ed8,puddings.coupons,available,5.99,54.99,medium,low,8,namesilo,,,19/09/2026 22:22
c8dc2c87-9e1d-40aa-9ab2-2672c67381b0,monologue.coupons,available,2.27,43.67,high,low,9,spaceship,,,30/09/2026 10:35
f13d6be6-3cd4-43e2-9436-c581d006b22c,alsatia.coupons,available,5.99,54.99,medium,low,7,namesilo,,,18/09/2026 14:16
8ebfe4c4-e3dd-4b7f-8fce-b4afcfcbc0ed,develop.coupons,available,2.57,43.77,high,low,7,porkbun,,,30/09/2026 13:46
220063bc-96c7-4212-856e-e6367bd28b33,banished.coupons,available,42.2,42.2,medium,low,8,cloudflare,,,29/09/2026 16:26
8bd58ece-8f98-4b6d-a178-2f6cb8b79727,opts.coupons,available,3.99,71.99,medium,low,4,name.com,,,18/09/2026 13:57
2fc67677-6222-4f72-9930-02a8b55ee7fe,tramway.coupons,available,2.98,59.98,high,low,7,namecheap,,,17/09/2026 12:48
6b3eac0f-2645-4541-8d3e-de18f296088f,september.coupons,available,5.99,54.99,high,low,9,namesilo,,,30/09/2026 10:55
57f3818f-71ed-4c4f-a41f-439dae67a37c,version.coupons,available,42.2,42.2,high,low,7,cloudflare,,,28/09/2026 18:17
68220e5d-2ba2-4d44-8136-daa17ca8e398,rattling.coupons,available,2.98,59.98,high,low,8,namecheap,,,11/08/2026 04:30
208232fb-f918-4875-b57f-ae49e96e6fcd,astrakhan.coupons,available,5.99,54.99,medium,low,9,namesilo,,,20/09/2026 17:31
965405af-5b81-4a1e-99bc-c0b28881f706,groningen.coupons,available,2.57,43.77,medium,low,9,porkbun,,,29/09/2026 03:44
5ab2c40d-7334-47c6-9844-1d20322ac755,borden.coupons,available,2.27,43.67,high,low,6,spaceship,,,28/09/2026 07:29
3e26b577-68dc-4d99-b623-2f80b9b3eed9,beatniks.coupons,available,2.98,59.98,medium,low,8,namecheap,,,22/09/2026 21:34
095637a5-e648-47b7-9c53-3e3d0fde57a8,permits.coupons,available,5.5,,medium,low,7,unstoppable,,,28/09/2026 23:51
d6d34d87-a7a2-4cae-9b15-aed5fd866c3d,knee.coupons,available,5.99,54.99,high,low,4,namesilo,,,20/09/2026 11:27
09f444f8-6c48-451b-beaa-1d070f98bdf3,longwood.coupons,available,5.5,,medium,low,8,unstoppable,,,02/10/2026 01:09
520cf5ad-5124-4d77-a254-ce8b6b597a28,augsburg.coupons,available,2.27,43.67,high,low,8,spaceship,,,27/09/2026 20:03
a739239f-4be9-4d5f-97c9-620fdc4ab108,nisi.coupons,available,2.98,59.98,high,low,4,namecheap,,,03/09/2026 17:44
4763627f-624a-4fd7-8885-787df745222a,weird.coupons,available,5.99,54.99,high,low,5,namesilo,,,24/09/2026 13:41
b0c85960-d619-4a9f-a620-b6efa0821e7b,utc.coupons,available,42.2,42.2,medium,low,3,cloudflare,,,28/09/2026 09:27
606ea78f-45d5-4fe0-8ec2-fee9f2eaf647,jargon.coupons,available,2.98,59.98,high,low,6,namecheap,,,13/09/2026 04:10
347a33c7-df80-4976-ae69-e8233cec6fbd,scam.coupons,available,2.98,59.98,high,low,4,namecheap,,,14/09/2026 08:03
44adab8c-4dd2-4649-ab5c-e3937cf29365,wallpaper.coupons,available,42.2,42.2,high,low,9,cloudflare,,,29/09/2026 08:18
38e32955-93e5-4b94-8127-5d2979dca552,magnets.coupons,available,2.27,43.67,medium,low,7,spaceship,,,02/10/2026 14:00
1e5223c9-776a-4ede-99bc-86815f1e0dcb,gaia.coupons,resell,,,high,medium,4,,,,29/09/2026 18:59
e9cfe470-0398-46ac-804a-51a4c3131df1,mainstay.coupons,available,5.99,54.99,high,low,8,namesilo,,,21/09/2026 15:13
5bb9a404-71f3-4a56-9880-3414fc858968,slowpoke.coupons,available,2.98,59.98,medium,low,8,namecheap,,,10/09/2026 20:25
4299e9d2-3a74-4a48-9e45-d52e060b7c9b,communicator.coupons,available,2.57,43.77,high,low,12,porkbun,,,02/10/2026 18:22
bf9fd7cd-5241-47e6-ab6a-31d38aac2ac9,undeclared.coupons,available,2.98,59.98,medium,low,10,namecheap,,,12/09/2026 07:06
664eaca4-c681-4b3e-b51b-1cfcac96f213,anaphase.coupons,available,5.99,54.99,medium,low,8,namesilo,,,19/09/2026 02:09
f98d95c7-5ac0-4f07-a2f6-db75ce363c87,scrimmage.coupons,available,5.99,54.99,high,low,9,namesilo,,,22/09/2026 16:24
f468b095-733e-4490-b973-606fae85df4e,thurber.coupons,available,5.99,54.99,medium,low,7,namesilo,,,03/10/2026 01:21
f13d004a-118c-469b-9e2f-d29c95b75495,hampton.coupons,available,5.99,54.99,high,low,7,namesilo,,,25/09/2026 06:48
10adca61-ceaf-4182-beb5-400cf8c19400,lackluster.coupons,available,2.98,59.98,medium,low,10,namecheap,,,22/08/2026 18:07
a9d890bd-6f43-4de0-bf59-cc090db4e839,canadian.coupons,premium,78.54,78.54,high,low,8,namesilo,,,23/09/2026 12:40
7e8e248f-cb0b-4296-a007-10a46136fea6,unhealed.coupons,available,2.98,59.98,medium,low,8,namecheap,,,12/09/2026 12:08
53b19644-4e4d-4d93-bfb4-c419d050c14f,glut.coupons,available,5.99,54.99,medium,low,4,namesilo,,,23/09/2026 17:21
1ffb962e-5096-49af-8eee-a8bbba64602b,witt.coupons,available,5.5,,high,low,4,unstoppable,,,28/09/2026 04:15
2b577ccc-2ff9-4e21-8407-b7a28c949eb4,marlene.coupons,available,5.5,,medium,low,7,unstoppable,,,28/09/2026 22:01
f736279c-957b-4eab-898b-cd720728a0fa,gizmo.coupons,available,5.99,54.99,high,low,5,namesilo,,,19/09/2026 21:49
64a0eff1-d617-4e89-916e-890644044d3b,soundable.coupons,available,2.98,59.98,medium,low,9,namecheap,,,17/08/2026 23:44
278c5196-384e-44a6-9825-aa7aa70eb0bb,calculators.coupons,available,2.98,59.98,medium,low,11,namecheap,,,18/09/2026 18:59
5e7021e5-cada-4d9f-a8be-817c1553a777,node.coupons,available,2.5,45.16,high,medium,4,dynadot,,,03/10/2026 01:28
70146bda-dcbe-42b8-8690-08f7e08cf67a,stain.coupons,available,5.99,54.99,high,low,5,namesilo,,,25/09/2026 16:55
b12ff5f9-8d5c-496b-b3bc-6fa00f7108bc,punctuate.coupons,available,5.99,54.99,high,low,9,namesilo,,,16/09/2026 21:54
76d03d82-2289-4f6f-b983-d00012218d0f,fodder.coupons,available,5.99,54.99,medium,low,6,namesilo,,,24/09/2026 12:05
7ef8f484-140b-4083-9896-fe4f0eb695f5,invaded.coupons,available,2.98,59.98,low,low,7,namecheap,,,28/09/2026 23:00
3d57776b-96bd-49a1-920d-a25b4a059980,polyatomic.coupons,available,2.98,59.98,medium,low,10,namecheap,,,08/09/2026 23:10
67fdd702-3dd5-40ad-a7a0-07f70bbfc588,ots.coupons,available,5.99,54.99,high,low,3,namesilo,,,01/10/2026 07:34
014136ed-0f81-442d-88ee-0c717722e840,ami.coupons,available,2.5,45.16,high,medium,3,dynadot,,,02/10/2026 07:48
d99681a2-1be5-45f0-b5de-c487e5a02bd4,smasher.coupons,available,2.98,59.98,high,low,7,namecheap,,,22/08/2026 16:38
bdd5314e-64a8-4852-ba49-246219a96626,xii.coupons,available,5.99,54.99,high,low,3,namesilo,,,21/09/2026 11:25
7b86d8c7-bcc8-48b3-87a4-8fde72509297,fatality.coupons,available,3.99,93.99,medium,low,8,godaddy,,,30/09/2026 01:36
5b0b475d-dddd-4322-90a1-44ac24c7c874,birds.coupons,available,3.99,,high,low,5,name.com,,,
44623f4d-9d57-403c-9641-e058c0424825,untrustworthy.coupons,available,3.99,,medium,low,13,name.com,,,
eec39ebb-c2da-4b1d-8fd9-3d7502eafeb7,racers.coupons,available,2.27,43.67,medium,low,6,spaceship,,,01/10/2026 18:02
4988a12d-36f6-406a-9eb2-12c6e918f8d9,phone.coupons,premium,68.51,68.51,high,low,5,spaceship,,,29/09/2026 17:28
649a9901-9a64-4541-9323-29b126500987,behalf.coupons,available,5.99,54.99,high,low,6,namesilo,,,23/09/2026 03:04
9d4e3da7-d66e-4e0c-8b5c-f22c0393d54a,outwards.coupons,available,2.98,59.98,medium,low,8,namecheap,,,04/09/2026 19:50
c7ebface-b0de-4623-bc96-9c4b9c54c899,zhao.coupons,available,2.5,45.16,high,low,4,dynadot,,,27/09/2026 20:53
7dfc1a59-8ac0-42fc-bcbb-d713f1c9ffcb,missed.coupons,available,2.98,59.98,medium,low,6,namecheap,,,25/08/2026 01:45
38962775-d926-453c-a626-4126ea6bfdf4,thirties.coupons,available,5.99,54.99,medium,low,8,namesilo,,,16/09/2026 12:05
16e97ef6-87ff-4667-bae5-7a5b40cf95bd,allophonic.coupons,available,2.98,59.98,medium,low,10,namecheap,,,
0a1c3b40-c53a-4dae-9363-691c3a2d427e,solves.coupons,available,2.27,43.67,medium,low,6,spaceship,,,02/10/2026 13:59
04e572e6-ec50-424a-8594-67035e52bef2,childbirth.coupons,available,2.98,59.98,high,low,10,namecheap,,,12/08/2026 05:00
62eb5fdb-ee8b-4b75-90f9-8cdff744456e,symbolical.coupons,available,2.98,59.98,medium,low,10,namecheap,,,16/08/2026 09:33
95a715eb-9948-4a6e-b5b0-ce9d9b87bc99,abdication.coupons,available,5.99,54.99,medium,low,10,namesilo,,,16/09/2026 14:43
bd863c04-aebe-47f9-9277-1215421612e3,isles.coupons,available,5.99,54.99,medium,low,5,namesilo,,,20/09/2026 01:00
0dbe7084-f45b-4d9c-bfac-7e7b01d266e9,negroid.coupons,available,2.98,59.98,medium,low,7,namecheap,,,03/09/2026 15:14
e05e1861-1e67-4f94-a1da-e28085f95364,longing.coupons,available,2.98,59.98,medium,low,7,namecheap,,,28/09/2026 19:43
78d759dc-47ed-402f-bfc5-35a268165011,wages.coupons,available,5.99,54.99,high,low,5,namesilo,,,30/09/2026 10:15
0f56a4c7-4e8c-4c30-8c1c-2c423be7e13d,religion.coupons,available,42.2,42.2,high,low,8,cloudflare,,,29/09/2026 18:54
069ed178-028e-4048-a732-fe4cd168500a,tush.coupons,available,2.98,59.98,medium,low,4,namecheap,,,09/08/2026 11:45
acd0020b-9a3e-44f7-9ddb-9bc3cc3ea502,sutton.coupons,available,5.99,54.99,high,low,6,namesilo,,,25/09/2026 16:50
b51e8728-dc04-45e0-8ad3-0ec005046234,tallinn.coupons,available,5.99,54.99,medium,low,7,namesilo,,,29/09/2026 00:18
49c0f730-5465-441b-a67b-5888a5c8bae6,externalities.coupons,available,42.2,42.2,low,low,13,cloudflare,,,02/10/2026 13:56
c66ec12c-bc4a-43a2-8e08-8cf2ad894e29,seedy.coupons,available,2.98,59.98,medium,low,5,namecheap,,,
65583a2b-107e-47f9-9a6f-1c0eb8055c75,juliet.coupons,available,5.5,,high,low,6,unstoppable,,,28/09/2026 03:46
e43197c2-f2d1-4820-bca6-769d0bbc9f15,advertisements.coupons,available,3.99,,medium,low,14,name.com,,,
73973a0d-8d31-46d6-ab3b-5a6050e639b3,nerves.coupons,available,5.99,54.99,high,low,6,namesilo,,,27/09/2026 04:51
bba5e912-bb1d-492b-a0bd-11a23d67e7d2,cleanup.coupons,available,5.5,59.98,medium,low,7,unstoppable,,,02/10/2026 21:28
43f042e8-8aaa-41b2-8a18-943aac2f9356,quixotic.coupons,available,2.98,59.98,medium,low,8,namecheap,,,09/09/2026 09:04
07a4ceac-343c-4ea4-a0b4-c7c7535eada0,koreans.coupons,available,5.99,54.99,medium,low,7,namesilo,,,29/09/2026 17:32
759b3aa9-01d5-4875-a820-f724bb3fbbfb,panoplied.coupons,available,2.98,59.98,medium,low,9,namecheap,,,06/08/2026 21:42
a051998f-25fc-4876-a722-b1119ef17ee5,coulomb.coupons,available,5.99,54.99,medium,low,7,namesilo,,,18/09/2026 23:08
97d0ed91-a69a-4d77-a9df-826bf0438b68,bra.coupons,available,2.27,43.67,high,low,3,spaceship,,,29/09/2026 00:58
2473de67-9d0d-4d46-8cd0-636f8111bbf4,designation.coupons,available,5.5,,high,low,11,unstoppable,,,02/10/2026 11:41
a0035e64-2b15-4066-9e58-3dce1aae14bd,rolls.coupons,available,2.98,59.98,high,low,5,namecheap,,,27/09/2026 07:45
94a17a97-4673-4f20-a3f6-d0325dd65482,bogdan.coupons,available,5.99,54.99,high,low,6,namesilo,,,01/10/2026 23:51
3382a095-072f-4f3d-92e1-5c7b688bf12f,dewan.coupons,available,2.5,45.16,high,low,5,dynadot,,,02/10/2026 18:49
b0b98134-18dc-44e0-a10e-79851f5809d4,specialty.coupons,available,2.98,59.98,high,low,9,namecheap,,,18/08/2026 12:30
4d073726-17e0-4aaa-901b-d0ae2e902beb,brownish.coupons,available,2.98,59.98,medium,low,8,namecheap,,,11/08/2026 06:19
85ee1441-c4ee-4cb5-a9c2-841344425d10,bermudas.coupons,available,5.99,54.99,medium,low,8,namesilo,,,23/09/2026 09:44
25af984b-5e38-4dcd-b262-ec18489e08cf,inspections.coupons,available,5.99,54.99,medium,low,11,namesilo,,,02/10/2026 14:01
84e3f8b1-37fe-48e7-96b6-41d868fb3855,formulas.coupons,available,2.5,45.16,medium,low,8,dynadot,,,02/10/2026 12:05
e8f735f8-8abd-43d7-bb33-8584b07f1682,volumetric.coupons,available,2.98,59.98,medium,low,10,namecheap,,,13/09/2026 07:03
be093b7c-b77d-45db-b901-192fba7fd0b2,pressed.coupons,available,5.99,54.99,high,low,7,namesilo,,,27/09/2026 05:21
1a38558d-8c93-4351-a05d-3d957d61d0aa,stabbing.coupons,available,2.98,59.98,medium,low,8,namecheap,,,22/08/2026 19:19
3b661de1-a554-4ef5-86dd-679c78c8ed48,fontainebleau.coupons,available,2.98,59.98,medium,low,13,namecheap,,,30/09/2026 13:48
d0d03319-e781-47e9-a7ec-820284c0701b,eradicate.coupons,available,2.98,59.98,high,low,9,namecheap,,,02/10/2026 06:42
15a96b12-388c-497f-beb1-ac065a4092b8,esl.coupons,available,5.99,54.99,high,low,3,namesilo,,,29/09/2026 23:53
b44ce94b-3209-4c3c-85f8-d24b4e2db176,monkeys.coupons,available,5.99,54.99,medium,low,7,namesilo,,,17/09/2026 10:08
35d40b6e-6867-4983-82e8-6f3e40beb227,abdomen.coupons,available,5.99,54.99,high,low,7,namesilo,,,16/09/2026 14:45
d586df7b-7d88-45e9-b497-d0f183e960bf,crucial.coupons,available,5.99,54.99,high,low,7,namesilo,,,22/09/2026 00:39
05c14e17-7a69-4cb7-bae2-2173381095ec,stripes.coupons,available,5.99,54.99,high,low,7,namesilo,,,24/09/2026 14:23
7c39143f-2339-43cf-b49d-143c3bc9333d,cast.coupons,available,2.27,43.67,high,low,4,spaceship,,,27/09/2026 20:35
9b00bedd-c454-42ba-a7d5-8ef8340ab2a7,parentally.coupons,available,2.98,59.98,medium,low,10,namecheap,,,15/09/2026 18:57
d60c7880-9e15-435f-ace2-0e3c412f7378,nubby.coupons,available,2.98,59.98,medium,low,5,namecheap,,,21/08/2026 11:15
ff421768-e74e-4fb0-95d9-d9a70436e3e4,diatomic.coupons,available,2.98,59.98,medium,low,8,namecheap,,,14/08/2026 06:19
dac524f6-b776-42a3-99b5-6a608d72f6cc,software.coupons,premium,68.51,68.51,high,medium,8,spaceship,,,02/10/2026 21:20
a2807653-ce4f-4ef4-b171-77f00e122e3d,edmund.coupons,available,2.98,59.98,medium,low,6,namecheap,,,25/09/2026 19:09
632ee4f9-ec1e-4356-b27a-5dab0e801bd5,brooks.coupons,available,5.99,54.99,high,low,6,namesilo,,,24/09/2026 10:47
d7d21a6b-ad88-4612-9cfc-38f77f982fba,ssa.coupons,available,2.98,59.98,high,low,3,namecheap,,,29/09/2026 08:03
c7577ffc-47b1-4bd6-8a97-b491094c4e86,unselfish.coupons,available,2.98,59.98,high,low,9,namecheap,,,12/09/2026 19:16
99dfdd18-bce0-4e02-a4be-f048c5365c6a,goosy.coupons,available,2.98,59.98,medium,low,5,namecheap,,,14/08/2026 16:07
9ec5212e-14d0-4329-bf1d-b084698e1daa,comedies.coupons,available,2.98,59.98,medium,low,8,namecheap,,,21/09/2026 01:31
7bd22368-5b6e-4b6b-b409-d701a238051b,scanned.coupons,available,5.5,,high,low,7,unstoppable,,,30/09/2026 20:03
64e5a945-abbb-49eb-91e6-0b27fc35960d,dogsit.coupons,available,3.99,,high,low,6,name.com,,,
ec4a256c-8ba0-423f-95ee-78c6dff80cb3,primeval.coupons,available,2.98,59.98,high,low,8,namecheap,,,09/09/2026 02:02
e13ca971-d085-46fa-b47d-187071e4e9f6,hasty.coupons,available,2.98,59.98,medium,low,5,namecheap,,,21/08/2026 01:15
e9e42234-c628-45cd-8609-288afc09ce9b,bosh.coupons,available,5.99,54.99,medium,low,4,namesilo,,,21/09/2026 23:47
b583da40-957b-4c91-ba44-1cc51807ecb0,hiking.coupons,available,5.99,54.99,high,low,6,namesilo,,,29/09/2026 01:18
5cb9584a-70bc-4088-bdb4-7972df576e28,astronomy.coupons,available,2.98,59.98,high,low,9,namecheap,,,20/09/2026 18:10
cd642f36-48b5-4ae3-9559-190d349f721e,fluoride.coupons,available,5.5,,high,low,8,unstoppable,,,02/10/2026 04:54
e6f099a8-e996-4e74-9f86-ecc7e902408c,panda.coupons,available,2.27,43.67,high,medium,5,spaceship,,,28/09/2026 19:27
4b841b9b-0596-431f-9a7b-c4e9f5bab1c2,accretion.coupons,available,2.98,59.98,high,low,9,namecheap,,,16/09/2026 23:14
f2fd7edb-f46f-43c7-9367-77d3f2aebdae,binet.coupons,available,5.99,54.99,medium,low,5,namesilo,,,18/09/2026 06:25
b126c7ce-2409-4b04-8dea-11ccc219dcb0,ballplayer.coupons,available,5.99,54.99,high,low,11,namesilo,,,21/09/2026 23:25
708e8673-e1e0-44bb-b5fd-68a028e62d35,feynman.coupons,available,42.2,42.2,high,low,7,cloudflare,,,02/10/2026 04:50
903f0629-b1ce-47d1-b791-7df32dfa9ed7,nonsense.coupons,available,2.5,45.16,high,low,8,dynadot,,,30/09/2026 22:57
690d0148-4aaf-4c30-a6ee-7f814692ec03,oceans.coupons,available,2.98,59.98,high,low,6,namecheap,,,18/09/2026 06:58
3b33613d-f01c-4601-8254-be09a05d9d22,nominated.coupons,available,2.98,59.98,high,low,9,namecheap,,,03/09/2026 18:18
6b081deb-4af3-45fd-94ce-9ee5deff7a1b,pry.coupons,available,5.5,,high,low,3,unstoppable,,,02/10/2026 04:31
9e179387-9ba5-41fc-8071-50121aae61cd,loyal.coupons,available,5.99,54.99,high,low,5,namesilo,,,25/09/2026 15:30
ab92b2f6-5f01-4864-b481-82783dabb7d0,fleischer.coupons,available,2.27,43.67,high,low,9,spaceship,,,30/09/2026 16:27
1e3a671a-e35a-42d0-bdbe-688d372f0c3c,valleys.coupons,available,2.98,59.98,medium,low,7,namecheap,,,30/09/2026 07:06
cd1b7f8c-47ef-4392-9ef9-593c0c0e96b1,vehement.coupons,available,2.98,59.98,medium,low,8,namecheap,,,11/09/2026 09:44
343c41ac-2a7d-4838-9142-aa9ffadae268,ara.coupons,available,5.99,54.99,high,low,3,namesilo,,,19/09/2026 23:23
17ab0040-12bf-4097-a9ba-bc1cd39e0d52,piles.coupons,available,2.98,59.98,high,low,5,namecheap,,,14/09/2026 23:21
fc6d7151-e351-46a3-8be9-d5d3ad12ea11,manfred.coupons,available,5.99,54.99,high,low,7,namesilo,,,28/09/2026 07:56
e15e1cd7-9f8b-4e57-b9d2-dcf475c41419,neu.coupons,available,5.99,54.99,high,low,3,namesilo,,,30/09/2026 22:23
1e3c6721-848a-44ec-a994-ad69b85c1035,bilinear.coupons,available,2.98,59.98,high,low,8,namecheap,,,09/08/2026 21:20
3f944498-0780-45f9-a098-2f19bec5c55f,scrabble.coupons,available,3.99,71.99,high,low,8,name.com,,,24/09/2026 23:30
7d23fd68-433d-4d79-bbeb-14a53a98485a,dominic.coupons,available,5.99,54.99,high,low,7,namesilo,,,27/09/2026 03:45
d38a99ef-3c17-4873-a6df-b878582b8db1,fluted.coupons,available,42.2,42.2,medium,low,6,cloudflare,,,02/10/2026 07:35
4b8e1fa8-d3d5-40ef-a407-a53192a49747,heady.coupons,available,2.98,59.98,medium,low,5,namecheap,,,18/08/2026 10:29
6678d729-2f02-4571-96bc-73d85d92de10,margins.coupons,available,2.27,43.67,medium,low,7,spaceship,,,30/09/2026 06:12
556ffdac-4eab-4963-9e34-acc5d0b9b269,tim.coupons,available,5.99,54.99,high,medium,3,namesilo,,,25/09/2026 11:26
d408e16e-b597-4c7c-8e0b-128e46771c13,download.coupons,resell,,,high,low,8,,,,28/09/2026 06:58
661db45a-6525-44e8-a7b8-bc19d658e527,slam.coupons,available,42.2,42.2,high,low,4,cloudflare,,,28/09/2026 13:22
9b4aa491-180e-4bd1-b32c-cac2d3a778c8,assembled.coupons,available,5.99,54.99,medium,low,9,namesilo,,,28/09/2026 23:20
582a646b-6c0f-44d0-a6fe-5608f7bb4951,stair.coupons,available,5.5,,medium,low,5,unstoppable,,,29/09/2026 20:26
e5e542e4-e5ea-4169-927b-85b5c5233c17,hurricanes.coupons,available,2.27,43.67,medium,low,10,spaceship,,,30/09/2026 15:08
90cbe5d1-1f24-4c8a-88a2-20559c8fb5c1,backseat.coupons,available,5.99,54.99,high,low,8,namesilo,,,21/09/2026 15:49
7af3a9da-5c6e-404f-b8f7-cccbf356e3b6,lxxxiv.coupons,available,2.98,59.98,medium,low,6,namecheap,,,
aba9ea4e-3ce4-48d2-8e96-057bc5dc53ef,convincing.coupons,available,5.99,54.99,high,low,10,namesilo,,,23/09/2026 22:56
1437b1c4-fa52-4a57-b002-b9a7eb2cd62f,pillock.coupons,available,2.98,59.98,low,low,7,namecheap,,,10/09/2026 23:13
901d07e9-66be-4621-96aa-a10170cfd63c,jervis.coupons,available,5.99,54.99,medium,low,6,namesilo,,,29/09/2026 15:49
bd311b0d-e48d-4567-aee3-065a67d999d2,mozart.coupons,available,42.2,42.2,high,low,6,cloudflare,,,28/09/2026 14:56
169162b4-4dc0-4540-91f3-ded69bb543c5,identify.coupons,available,5.99,54.99,high,low,8,namesilo,,,25/09/2026 12:36
37932432-46d1-4682-bc0e-cdec9c8b9004,jamesian.coupons,available,2.98,59.98,medium,low,8,namecheap,,,22/08/2026 12:13
8a0603fa-01fe-49e2-8061-67e6b948df67,virgil.coupons,available,5.99,54.99,high,low,6,namesilo,,,28/09/2026 02:58
ec4ea1fa-06df-49bf-88dd-645b08f4ea46,strenuous.coupons,available,2.98,59.98,medium,low,9,namecheap,,,10/09/2026 21:45
85380492-5bd2-4700-9246-3ac2961e7b2b,patricia.coupons,available,5.99,54.99,medium,low,8,namesilo,,,28/09/2026 16:20
945c74ff-e7e4-4407-b38c-6515dc6d0fed,ellie.coupons,available,42.2,42.2,high,low,5,cloudflare,,,28/09/2026 04:48
06381444-0e61-4161-b260-3de7b1dcfaa8,utilizing.coupons,available,5.99,54.99,medium,low,9,namesilo,,,01/10/2026 17:30
fa37587e-167a-4bd8-b562-816f19866790,adrenalin.coupons,available,5.99,54.99,high,low,9,namesilo,,,17/09/2026 09:56
85dbead5-337e-40e6-95bc-59095580882e,assay.coupons,available,5.99,54.99,high,low,5,namesilo,,,20/09/2026 15:54
c59dcb02-71b5-4d31-9757-efd4ce6a9424,boomerang.coupons,available,5.99,54.99,high,low,9,namesilo,,,02/10/2026 04:09
5c57037d-9e8e-4f82-8cbe-c6126ef311bf,fenway.coupons,available,5.99,54.99,medium,low,6,namesilo,,,02/10/2026 09:42
a8db0d60-8866-4e90-85d2-39c0bf1c1edd,chief.coupons,available,5.99,54.99,high,low,5,namesilo,,,23/09/2026 00:59
72d6baec-402f-44c7-88ae-c5c49c0524ce,moved.coupons,available,2.27,43.67,high,low,5,spaceship,,,01/10/2026 19:16
35cd2a19-e15f-4c20-b140-1281ab42f967,montage.coupons,available,2.5,45.16,high,low,7,dynadot,,,02/10/2026 04:25
a56b883f-2d04-4e6b-8308-04e516d6e700,leering.coupons,available,2.98,59.98,medium,low,7,namecheap,,,25/09/2026 05:58
74376b44-2426-405c-b9d3-ddb605e2b39e,dalit.coupons,available,2.98,59.98,high,low,5,namecheap,,,03/10/2026 03:49
2ecd1292-82cc-4205-b8d5-b009de63669e,warrant.coupons,available,2.98,59.98,high,low,7,namecheap,,,08/09/2026 08:40
e0033b5a-f3ce-4298-a3fb-3e107379fa37,activities.coupons,available,5.99,54.99,medium,low,10,namesilo,,,27/09/2026 22:27
f61fc955-e8ad-4578-84cb-2182bc84c09a,uveal.coupons,available,2.98,59.98,medium,low,5,namecheap,,,13/09/2026 00:22
99478f4a-715d-4fab-8995-3988fc4266ff,combed.coupons,available,2.98,59.98,medium,low,6,namecheap,,,12/08/2026 18:33
d50461a0-1fc7-469b-bea2-9b2cb0702a15,nearer.coupons,available,5.99,54.99,medium,low,6,namesilo,,,28/09/2026 14:02
21457b52-2e46-4d7a-8a9c-b9ecc191b24b,hammett.coupons,available,5.5,,medium,low,7,unstoppable,,,01/10/2026 19:10
12297599-7075-4a64-85ce-ddb97cf6e1b5,ioc.coupons,available,2.57,43.77,high,low,3,porkbun,,,28/09/2026 07:36
ac72d981-a478-41b8-b13b-07eb2f7b7676,criticize.coupons,available,2.5,45.16,high,low,9,dynadot,,,30/09/2026 18:07
3e8a196c-19a1-445d-ba78-09dda862b334,lsa.coupons,available,42.2,42.2,medium,low,3,cloudflare,,,01/10/2026 18:39
f7a73636-4778-4494-ba64-77dc2271c2aa,fury.coupons,available,5.99,54.99,high,low,4,namesilo,,,24/09/2026 21:41
bd8c79b5-cac5-44eb-8d01-513add6e6c32,intoxicating.coupons,available,42.2,42.2,high,low,12,cloudflare,,,01/10/2026 22:34
0eff0d5a-9764-418f-a920-c24f083909a6,makeovers.coupons,available,5.99,54.99,medium,low,9,namesilo,,,21/09/2026 08:55
70388bdb-0e56-4367-918c-c8a1c93a4fd3,memory.coupons,available,5.99,54.99,high,medium,6,namesilo,,,29/09/2026 10:30
56816b06-b947-41f5-a679-7bb8173a27eb,vega.coupons,available,2.27,43.67,high,medium,4,spaceship,,,29/09/2026 07:30
5843c892-696d-4a93-8652-31c07aa82cbf,grieg.coupons,available,42.2,42.2,high,low,5,cloudflare,,,03/10/2026 00:34
8c671e19-689e-4d02-b4f2-448c8bb9402d,haze.coupons,available,42.2,42.2,high,low,4,cloudflare,,,30/09/2026 01:51
35f95d32-90de-4e6b-9cf8-97f6ed1cc39f,aqualung.coupons,available,5.99,54.99,medium,low,8,namesilo,,,19/09/2026 22:54
bfce90a3-3797-41de-a542-bfc47e682111,alabama.coupons,premium,78.54,78.54,high,low,7,namesilo,,,28/09/2026 20:00
a6c2ecbc-483b-4068-8253-fda5a0c0607a,fingernails.coupons,available,5.99,54.99,medium,low,11,namesilo,,,02/10/2026 12:25
efccc5a6-5f1f-457a-aa84-138608761a1b,purchasing.coupons,available,5.99,54.99,high,low,10,namesilo,,,24/09/2026 11:23
d09b202b-c186-4130-a0c3-cb4fdd8f574b,passe.coupons,available,2.98,59.98,medium,low,5,namecheap,,,14/08/2026 01:17
8a00f277-4816-42a3-b7aa-7088d6f8aa66,lissom.coupons,available,2.98,59.98,medium,low,6,namecheap,,,23/08/2026 23:41
846a96ca-7172-4e44-9a88-165def683545,amity.coupons,available,5.99,54.99,high,low,5,namesilo,,,18/09/2026 21:57
eb1e78c3-2a2d-4c6d-b9be-19a86c6f6cad,alves.coupons,available,2.27,43.67,medium,low,5,spaceship,,,30/09/2026 12:39
ca2ef717-d41b-47c6-84a8-a92c3b0ae2c9,algiers.coupons,available,5.99,54.99,medium,low,7,namesilo,,,18/09/2026 06:59
6bf1ff8e-6227-409e-a382-aa39dc086c00,educate.coupons,available,2.5,45.16,high,low,7,dynadot,,,02/10/2026 02:27
be3b723d-3ed2-4edb-99e3-6613b94578f3,acarine.coupons,available,2.98,59.98,medium,low,7,namecheap,,,16/09/2026 21:33
19e58b61-8b97-47a8-a218-995aac84cbeb,writing.coupons,available,2.98,59.98,high,low,7,namecheap,,,28/09/2026 23:21
57af0c7f-9c18-417e-a420-859f59ee3727,parasites.coupons,available,5.5,,low,low,9,unstoppable,,,29/09/2026 22:54
e449e7b6-eec7-4e64-86d3-9282b50e9e75,echoes.coupons,available,2.98,59.98,medium,low,6,namecheap,,,19/09/2026 20:18
73057c9b-0e42-4b2c-84fe-b8bcf79e0875,dogged.coupons,available,2.98,59.98,medium,low,6,namecheap,,,14/08/2026 14:54
3ac54d7a-5ad6-46de-888f-65fff041c4a1,rigged.coupons,available,2.98,59.98,medium,low,6,namecheap,,,09/09/2026 17:25
2a44dda6-9327-434c-8019-42dbd4e966dd,ayres.coupons,available,2.98,59.98,medium,low,5,namecheap,,,28/09/2026 12:24
f3c635d7-4dc9-410b-98c8-1d538744f232,athelstan.coupons,available,2.98,59.98,medium,low,9,namecheap,,,20/09/2026 20:33
59c60278-c55e-4483-a16c-7b23637f5191,geological.coupons,available,2.98,59.98,high,low,10,namecheap,,,18/08/2026 22:28
477a4733-68d9-412c-9085-5c16e29202a4,recharge.coupons,available,2.27,43.67,high,low,8,spaceship,,,01/10/2026 04:24
6557705c-dd84-4675-bc84-0a602325dbfe,wiley.coupons,available,5.99,54.99,high,low,5,namesilo,,,27/09/2026 08:05
7e9d708a-247a-49e3-92ff-d3d0ea2c62a4,coaster.coupons,available,2.5,45.16,high,low,7,dynadot,,,28/09/2026 18:46
340dad5d-6981-41e5-a401-a661e0a7673a,dainty.coupons,available,3.99,71.99,high,low,6,name.com,,,13/08/2026 15:40
33435489-4311-47dc-ad5a-39628f1e34d1,movable.coupons,available,2.98,59.98,high,low,7,namecheap,,,25/08/2026 08:56
c72d663f-c625-480a-81e4-bc3fbafc407b,microbial.coupons,available,2.98,59.98,medium,low,9,namecheap,,,08/09/2026 09:41
6f6d1904-a3fe-421d-b363-970374a82a3a,drinks.coupons,available,2.98,59.98,high,low,6,namecheap,,,25/09/2026 17:32
749feed2-8978-49dd-9316-6f175b816bee,podgy.coupons,available,2.98,59.98,low,low,5,namecheap,,,08/09/2026 22:22
3d065046-06e0-4fdc-9775-eeaf13f4d337,passing.coupons,available,5.99,54.99,high,low,7,namesilo,,,24/09/2026 14:24
94eb0c75-671c-4d09-8471-c746c05c6ff4,pedagogical.coupons,available,5.99,54.99,medium,low,11,namesilo,,,03/10/2026 03:05
ac91bdbd-e597-4564-9f9c-9d0383e5c341,aborted.coupons,available,5.99,54.99,medium,low,7,namesilo,,,01/10/2026 12:58
99c19563-1c42-4615-bcaf-5d6771f4b426,doses.coupons,available,2.5,45.16,medium,low,5,dynadot,,,29/09/2026 17:50
28abbf16-d2e3-45be-a052-cf7f9828496e,obstruct.coupons,available,5.99,54.99,high,low,8,namesilo,,,01/10/2026 01:09
833016c0-f955-4488-824a-0620d4293669,erin.coupons,available,5.99,54.99,high,low,4,namesilo,,,28/09/2026 05:36
f657c5ec-54cb-43ad-bf61-343a8ae9621b,plumber.coupons,available,5.5,,high,low,7,unstoppable,,,29/09/2026 20:00
164dd713-d750-4942-8e4d-01f143181c53,threadfish.coupons,available,5.99,54.99,medium,low,10,namesilo,,,18/09/2026 04:49
f161a7b9-822f-4652-aa01-830f45a1c4a7,politician.coupons,available,2.27,43.67,high,low,10,spaceship,,,28/09/2026 10:44
a3993d1a-1ee7-45ee-9b1d-05dce53fbe6d,farc.coupons,available,2.27,43.67,medium,low,4,spaceship,,,03/10/2026 00:42
660593c6-7994-49d0-b457-8b19c97aac24,hyalin.coupons,available,2.98,59.98,medium,low,6,namecheap,,,21/08/2026 16:10
3a0dd424-e013-4ef8-b391-89da377a72fd,judging.coupons,available,2.5,45.16,high,low,7,dynadot,,,27/09/2026 14:29
40381197-a62f-46c9-a632-5d555c05891e,contorted.coupons,available,2.98,59.98,medium,low,9,namecheap,,,12/08/2026 23:22
73aebdf6-9b81-4024-ad43-3d1db92abe14,brendan.coupons,available,5.5,,medium,low,7,unstoppable,,,28/09/2026 04:01
2a5aacff-9672-4ec4-8a71-cf88aa55d4ab,relieved.coupons,available,2.98,59.98,high,low,8,namecheap,,,
99a67954-222e-4f61-b3cb-697c8a558f6a,jonesboro.coupons,available,5.99,54.99,medium,low,9,namesilo,,,01/10/2026 02:47
decc3f19-5eeb-48fe-bb54-5af3be977ac6,renewing.coupons,available,2.98,59.98,high,low,8,namecheap,,,09/09/2026 14:06
0d27e72a-90eb-4dd6-8bbd-4c82bf5769f9,elite.coupons,available,3.99,71.99,high,medium,5,name.com,,,24/09/2026 13:43
9f18f843-4d6e-4b19-81be-fe3021523f54,muskegon.coupons,available,5.99,54.99,medium,low,8,namesilo,,,29/09/2026 10:06
4910f959-e0de-44cb-9c0d-3e49ae720498,belle.coupons,available,5.99,54.99,high,low,5,namesilo,,,23/09/2026 06:02
56e6316c-008c-487a-b42c-6ccc02320ef7,delicious.coupons,available,5.99,54.99,high,low,9,namesilo,,,24/09/2026 05:16
98bfd918-b7e6-4b1f-b676-b28aa45e3e91,pureblood.coupons,available,2.98,59.98,medium,low,9,namecheap,,,08/09/2026 13:00
7ee2a4ab-dec4-4e15-be56-9478733ca9f3,polarity.coupons,available,2.57,43.77,high,low,8,porkbun,,,03/10/2026 01:39
b02848a2-437f-44b2-955f-9bc48cb36611,blameless.coupons,available,2.98,59.98,high,low,9,namecheap,,,10/08/2026 12:53
e06709e5-c99d-4989-be34-01c408780592,cavernous.coupons,available,2.98,59.98,medium,low,9,namecheap,,,11/08/2026 22:51
810d86b7-c0b7-463e-9487-f7895834d70b,struck.coupons,available,2.98,59.98,medium,low,6,namecheap,,,10/09/2026 11:50
c9bd3349-ba6d-4684-aa02-390d38870ba5,instincts.coupons,available,2.27,43.67,low,low,9,spaceship,,,28/09/2026 17:50
86f2f816-8f1f-4d92-b36d-b75e987ac94d,candidates.coupons,available,5.5,,medium,low,10,unstoppable,,,28/09/2026 17:58
91c50aa5-21fe-4dc3-976c-ce5369cd1358,subspecies.coupons,available,5.99,54.99,medium,low,10,namesilo,,,02/10/2026 06:30
aeb236fa-4003-4fdb-a63c-d8f51c931c61,trumpian.coupons,available,5.5,,medium,low,8,unstoppable,,,02/10/2026 03:35
670e1850-742a-4760-bac6-b9f61f378c7a,wear.coupons,available,5.99,54.99,high,low,4,namesilo,,,27/09/2026 08:43
777f5f02-2f8c-44a5-8d39-44facc07e90d,orkney.coupons,available,5.99,54.99,medium,low,6,namesilo,,,29/09/2026 15:23
5edd34e2-6059-42bf-89b4-00e2e9b04113,aquamarine.coupons,available,5.99,54.99,high,low,10,namesilo,,,19/09/2026 22:49
476c02fa-59e5-4492-b02b-02e0107de15e,declaring.coupons,available,2.27,43.67,high,low,9,spaceship,,,30/09/2026 07:00
34edd78a-749d-458b-ba68-95c359a9669c,chunk.coupons,available,5.5,,medium,low,5,unstoppable,,,29/09/2026 06:21
70eaeb6d-d870-42a5-8d4d-4a26d92da168,cements.coupons,available,5.99,54.99,medium,low,7,namesilo,,,20/09/2026 09:07
cb32c342-6714-4b79-9df6-f4ef8712ed9a,edt.coupons,available,2.27,43.67,high,low,3,spaceship,,,01/10/2026 23:45
815d2404-a02b-4273-b6d1-62be3d2221d9,austin.coupons,premium,85.8,85.8,high,low,6,namecheap,,,21/09/2026 04:43
57707310-c8db-4ed4-a9d7-65de981ae55b,alchemical.coupons,available,2.98,59.98,medium,low,10,namecheap,,,
385c02f4-7c4c-48e4-96f0-eb245a7ba605,princeton.coupons,available,42.2,42.2,high,low,9,cloudflare,,,28/09/2026 10:45
704cc5dc-3268-4050-bad8-dd5964bfb0f3,soph.coupons,available,2.98,59.98,medium,low,4,namecheap,,,10/09/2026 14:20
9280b2e1-a836-4f1e-9a82-28503eaaf82e,equity.coupons,available,2.5,45.16,high,low,6,dynadot,,,30/09/2026 01:33
d839938f-b642-45ae-a12d-fe391b7484a7,roundup.coupons,available,2.27,43.67,high,low,7,spaceship,,,03/10/2026 01:59
744591bf-7222-4703-b97d-c36461fa8e0c,edentulous.coupons,available,2.98,59.98,medium,low,10,namecheap,,,15/08/2026 08:36
31446f49-2048-42d2-bbeb-b0e74b0b1784,barycenter.coupons,available,5.99,54.99,medium,low,10,namesilo,,,22/09/2026 09:39
bba28234-fa32-4594-b3fb-27957fc16f65,bickering.coupons,available,5.99,54.99,medium,low,9,namesilo,,,23/09/2026 13:12
cbe7d891-1e4f-4198-b5cf-a5fd459f843b,thongs.coupons,available,5.99,54.99,medium,low,6,namesilo,,,19/09/2026 22:16
e5dd9cbc-7327-4ff2-8768-f2da59629fc9,wanna.coupons,available,5.99,54.99,high,low,5,namesilo,,,26/09/2026 00:48
7dc13734-1b9a-4fc8-9e77-ab19092e20c1,optically.coupons,available,2.98,59.98,medium,low,9,namecheap,,,15/09/2026 18:03
7421029c-7cec-4656-88e1-309b1a496817,socket.coupons,available,5.99,54.99,high,low,6,namesilo,,,29/09/2026 13:58
3cfa95b5-e7b9-4dce-b485-348a5ea078c5,extras.coupons,available,3.99,,medium,low,6,name.com,,,
c9a161c6-7773-4395-a848-34c9964334c1,filled.coupons,available,2.98,59.98,high,low,6,namecheap,,,24/09/2026 18:13
a602a14e-ca95-4e45-8009-3904eb62b551,constructed.coupons,available,5.99,54.99,medium,low,11,namesilo,,,29/09/2026 16:21
a696269a-50b7-462b-9814-e93cd87085d4,reversion.coupons,available,2.98,59.98,high,low,9,namecheap,,,09/09/2026 16:19
82c63aa6-67c9-463c-89b0-0935b569cd45,aerialist.coupons,available,5.99,54.99,medium,low,9,namesilo,,,17/09/2026 12:50
19104527-8c7c-4c29-a3d3-0e23ab35ff82,untypical.coupons,available,2.98,59.98,medium,low,9,namecheap,,,07/08/2026 16:10
54f45663-d1d1-468a-83fc-a46c14bb5e62,trussed.coupons,available,2.98,59.98,medium,low,7,namecheap,,,11/09/2026 15:47
018edce5-5d66-498c-af7a-487fd90c59b8,imprudent.coupons,available,2.98,59.98,medium,low,9,namecheap,,,21/08/2026 23:23
04d3e3a0-e804-474d-ada0-f690e6eb1ea7,shoebird.coupons,available,2.98,59.98,medium,low,8,namecheap,,,21/09/2026 20:37
5310d91c-6856-4bda-91dd-755f0b45e834,omani.coupons,available,2.98,59.98,high,low,5,namecheap,,,04/09/2026 02:24
4cae7ff5-b80c-424b-946e-41195f8539d0,unmerciful.coupons,available,2.98,59.98,medium,low,10,namecheap,,,24/08/2026 20:38
557713fe-8544-4a51-b58c-046eb88cdbf5,maximally.coupons,available,2.98,59.98,medium,low,9,namecheap,,,15/09/2026 13:43
775b07c3-ef95-45f0-9abf-d8913dd365cd,oldenburg.coupons,available,42.2,42.2,medium,low,9,cloudflare,,,29/09/2026 06:22
d1b8908d-3ba4-4a14-867c-7ccfabbf4205,reputation.coupons,available,2.27,43.67,high,low,10,spaceship,,,27/09/2026 15:38
8577abef-a0c5-4fa5-ae41-51c940d3d850,unfinished.coupons,available,2.98,59.98,high,low,10,namecheap,,,12/09/2026 10:17
3d8a672e-8593-4249-adf2-01a4d7a03d94,london.coupons,premium,207.2,207.2,high,medium,6,spaceship,,,29/09/2026 04:25
3eda0a10-c475-4ad2-9a27-2892165bf8eb,frank.coupons,available,2.98,59.98,high,medium,5,namecheap,,,08/09/2026 05:07
ae34c230-0586-4786-a403-0ac608860a88,antihero.coupons,available,5.99,54.99,medium,low,8,namesilo,,,19/09/2026 14:35
311c97dd-2a2d-4700-ba43-2647dff91c2f,chordate.coupons,available,2.98,59.98,medium,low,8,namecheap,,,12/08/2026 07:12
ef7d2aa4-e675-46b5-8e03-c1b2250aac6a,applicant.coupons,available,2.98,59.98,high,low,9,namecheap,,,19/09/2026 21:53
cb43b8e0-2a50-4249-9a7e-a25b4db1e5b1,upbeat.coupons,available,2.98,59.98,high,low,6,namecheap,,,04/09/2026 01:23
4df8f326-59b9-40cd-8b50-c62fa6d577ff,mrna.coupons,available,5.99,54.99,high,low,4,namesilo,,,25/09/2026 23:11
bad15f6d-7b45-494b-bf14-35351595ce63,uninviting.coupons,available,2.98,59.98,medium,low,10,namecheap,,,12/09/2026 13:39
ad9ade3e-c68f-437f-a98a-6d337e10d58b,acropolis.coupons,available,5.99,54.99,high,low,9,namesilo,,,17/09/2026 03:57
92bcbd95-84d3-4871-868d-79947c67e3f5,cozily.coupons,available,2.98,59.98,medium,low,6,namecheap,,,14/09/2026 08:48
271de45b-6dc1-40dc-b01f-7c78f2da2ee5,pleasantly.coupons,available,2.98,59.98,high,low,10,namecheap,,,13/09/2026 18:20
054308e2-ce2c-4822-9593-ad372ed8ba0b,sprucely.coupons,available,2.98,59.98,medium,low,8,namecheap,,,15/09/2026 15:17
75043daf-a122-4966-96a3-efb2a7c72be8,temperate.coupons,available,2.98,59.98,high,low,9,namecheap,,,11/09/2026 10:48
0d623939-b102-475f-8346-62aca13d667c,teen.coupons,premium,85.8,85.8,high,low,4,namecheap,,,21/09/2026 19:11
e0916c3f-4a79-4760-b2a4-3d945c7c7f44,suv.coupons,available,2.57,43.77,high,low,3,porkbun,,,30/09/2026 10:29
a02fe4ee-c32c-4f64-891e-bcb590a8a173,ingrained.coupons,available,2.98,59.98,medium,low,9,namecheap,,,13/08/2026 22:49
612e813a-b0e3-41fd-b5a2-a62ee41eeb5d,escapade.coupons,available,5.99,54.99,high,low,8,namesilo,,,17/09/2026 10:37
ad81cb97-626d-431a-ba7d-f510061be66e,gardiner.coupons,available,5.99,54.99,medium,low,8,namesilo,,,25/09/2026 06:17
6e224482-e2ff-4d47-adc1-8bd17c4428c5,deliberately.coupons,available,5.5,,medium,low,12,unstoppable,,,28/09/2026 11:27
9e4935b4-0262-4ebf-993e-509c0ca91587,verbalise.coupons,available,2.98,59.98,medium,low,9,namecheap,,,13/09/2026 00:16
9412576a-8fd1-4bfb-b0d4-c230d4cfbfe5,scurvy.coupons,available,2.98,59.98,medium,low,6,namecheap,,,
d713c982-080e-4ec8-8e12-f1f10bc384ad,condoms.coupons,available,5.99,54.99,medium,low,7,namesilo,,,30/09/2026 07:27
4fc1b464-a4d0-4ad4-97e1-ae798196d49a,baster.coupons,available,5.99,54.99,medium,low,6,namesilo,,,22/09/2026 12:47
269607aa-1be2-4ae1-955a-ddabfde861c1,ominous.coupons,available,2.98,59.98,medium,low,7,namecheap,,,24/08/2026 20:00
b4abd51f-1df6-4d33-add4-c9366fe2c688,beheaded.coupons,available,2.98,59.98,medium,low,8,namecheap,,,09/08/2026 10:21
870c854c-0689-4a58-b6d6-d633d52fc542,voss.coupons,available,2.27,43.67,medium,low,4,spaceship,,,29/09/2026 03:14
b40bc5fd-a525-4a83-88a5-016df0783953,bonsai.coupons,available,5.99,54.99,high,low,6,namesilo,,,24/09/2026 06:40
44b878c7-c444-460d-8c89-9796b47a9055,plunk.coupons,available,2.98,59.98,medium,low,5,namecheap,,,15/09/2026 20:41
0e430811-7c5e-45ab-bfb3-c49337cbbc19,ritual.coupons,available,2.98,59.98,high,low,6,namecheap,,,09/09/2026 18:01
fba2180e-46eb-491c-a817-b198ffb34997,surrendered.coupons,available,42.2,42.2,low,low,11,cloudflare,,,29/09/2026 05:38
34bbb024-4188-4434-bac0-b0289162b7a4,flo.coupons,available,2.27,43.67,high,medium,3,spaceship,,,02/10/2026 00:23
6cc6f9b0-850d-4f41-9620-a2d7a2f0b9c6,bragg.coupons,available,5.99,54.99,high,low,5,namesilo,,,25/09/2026 21:58
a868e206-d23b-4d45-bcad-c9e7384cd510,foolishly.coupons,available,2.98,59.98,medium,low,9,namecheap,,,14/09/2026 19:22
4994f17d-edc0-4738-8631-c39e9f16c4dc,medici.coupons,available,5.99,54.99,high,low,6,namesilo,,,25/09/2026 23:33
f45ff743-1a19-4fc3-be8f-be72d7895273,countess.coupons,available,2.98,59.98,medium,low,8,namecheap,,,28/09/2026 13:48
3bcaecea-b5f9-4fe6-91d3-5977ecdc5423,gov.coupons,premium,854,854,high,medium,3,namesilo,,,02/10/2026 07:04
48e42eab-9d9e-4f06-9c7b-4f9501e291fd,alborg.coupons,available,5.99,54.99,medium,low,6,namesilo,,,16/09/2026 13:12
1e656fad-fe6f-44e0-baf9-8c7f1c9f0468,rages.coupons,available,5.99,54.99,low,low,5,namesilo,,,20/09/2026 11:24
ea3dd659-b6ca-44b9-ae1a-ea5524673ec5,cardigan.coupons,available,2.98,59.98,high,low,8,namecheap,,,24/09/2026 12:52
4ead911d-0778-4486-9c2e-63a80472f6a3,snoek.coupons,available,5.99,54.99,medium,low,5,namesilo,,,22/09/2026 07:53
1090d196-0d6c-4a9f-afdb-5b6736f1f7c9,stunner.coupons,available,2.98,59.98,high,low,7,namecheap,,,22/08/2026 16:40
932691c9-f987-4489-b70a-dc9c068ddfe7,spirited.coupons,available,5.99,54.99,high,low,8,namesilo,,,27/09/2026 03:25
68a4ea3d-4ab4-4d26-bd2c-f48d5229d01d,suggested.coupons,available,5.99,54.99,medium,low,9,namesilo,,,18/09/2026 13:48
b6fa4f22-cc7c-4616-b38d-0bd05772289f,hypo.coupons,available,2.98,59.98,high,low,4,namecheap,,,21/08/2026 17:15
2d6aff26-91ea-4075-afda-61372842bb70,vocal.coupons,available,2.98,59.98,high,low,5,namecheap,,,26/09/2026 03:23
f7e95514-718e-4ff1-a70f-b72c94110f04,antlered.coupons,available,2.98,59.98,medium,low,8,namecheap,,,05/08/2026 20:11
739b3cac-1d88-48a5-a7b2-658d79b654f2,deduction.coupons,available,2.5,45.16,high,low,9,dynadot,,,30/09/2026 09:21
1724f0a6-92eb-40e2-8de3-555806a718f6,transition.coupons,available,5.99,54.99,high,low,10,namesilo,,,28/09/2026 09:22
7fa09e2c-f2b4-4adc-9690-4809cc019af0,chamberlin.coupons,available,2.5,45.16,high,low,10,dynadot,,,29/09/2026 21:39
a3bb1ffc-a2f1-4eb2-ad97-a418509bc6d0,cocksure.coupons,available,2.98,59.98,medium,low,8,namecheap,,,12/08/2026 15:00
2efddac3-7922-4a85-9950-cc14a277a08e,magnetised.coupons,available,2.98,59.98,medium,low,10,namecheap,,,24/08/2026 13:06
1052ce31-d057-4a2d-ab6e-4c01522a8b6f,manipulating.coupons,available,2.5,45.16,medium,low,12,dynadot,,,30/09/2026 14:55
681d2b53-2d33-442d-a0b2-4eb80fe9a218,crudely.coupons,available,2.98,59.98,medium,low,7,namecheap,,,13/09/2026 20:58
77d64455-faed-4557-8b19-085c501d173c,allergies.coupons,available,5.5,,medium,low,9,unstoppable,,,30/09/2026 23:41
1123b6a1-5603-412f-afc1-70a196129e0a,antiproton.coupons,available,5.99,54.99,medium,low,10,namesilo,,,19/09/2026 15:01
2c18e1b6-a42b-4492-bf84-e664cff5e4a0,yamaha.coupons,available,5.99,54.99,high,low,6,namesilo,,,29/09/2026 03:39
69c13402-ac29-41cd-ae0d-b36d0274763d,darius.coupons,available,2.98,59.98,medium,low,6,namecheap,,,27/09/2026 07:28
33954c8c-39b8-4131-8f23-d031a1a190c4,altissimo.coupons,available,2.98,59.98,medium,low,9,namecheap,,,
9a20c0cb-b96b-412e-825d-698c43bc7528,overgrown.coupons,available,2.98,59.98,medium,low,9,namecheap,,,04/09/2026 20:42
e0cf01eb-042f-4569-b7a8-e7ee5099adc4,blooded.coupons,available,2.98,59.98,high,low,7,namecheap,,,10/08/2026 15:18
23ef6e48-c439-4cfd-b2b2-237b22c0c6db,thought.coupons,available,42.2,42.2,high,low,7,cloudflare,,,28/09/2026 09:13
fc619a7c-38f0-4a42-8900-46f7bbf11fc5,agamic.coupons,available,2.98,59.98,medium,low,6,namecheap,,,
2decb856-dda8-4ac8-99ea-a3b455410293,whoa.coupons,available,2.27,43.67,high,low,4,spaceship,,,03/10/2026 02:46
ae83f0d7-a28a-43e3-917f-49b29afed594,indecisive.coupons,available,2.98,59.98,medium,low,10,namecheap,,,22/08/2026 02:27
5ac6f796-4fe8-4d00-8306-336deb3587a2,balaton.coupons,available,2.98,59.98,medium,low,7,namecheap,,,21/09/2026 21:18
0ac0ece6-32fd-4a6a-8e53-8e2347212636,calls.coupons,available,2.98,59.98,medium,low,5,namecheap,,,18/09/2026 14:59
035d4137-840b-45cf-b6e3-7d6efedfd55b,macedonian.coupons,available,2.98,59.98,high,low,10,namecheap,,,24/08/2026 12:46
9ba91121-991d-43dc-af3e-e09324c5c310,clip.coupons,resell,,,high,low,4,,,,28/09/2026 01:38
cda70c83-8243-42bd-a3a2-d44bfd47dd8e,fragmented.coupons,available,2.98,59.98,medium,low,10,namecheap,,,14/08/2026 13:27
c6bc96e3-c250-4326-a409-c25907528cd5,agencies.coupons,available,5.99,54.99,low,low,8,namesilo,,,28/09/2026 23:07
4e034e39-03e1-4b02-a935-9dc0a55fecd2,pegs.coupons,available,5.99,54.99,medium,low,4,namesilo,,,20/09/2026 09:49
1f55f676-2466-4ce2-a7e9-dd946875ea9a,kobe.coupons,available,5.99,54.99,high,low,4,namesilo,,,28/09/2026 02:14
86b95152-2b66-4065-b29b-941c9da405c4,lamely.coupons,available,2.98,59.98,low,low,6,namecheap,,,15/09/2026 10:37
ed682a92-615d-48ff-a121-37f46b268152,shareholding.coupons,available,2.27,43.67,high,low,12,spaceship,,,02/10/2026 12:16
7a4899ba-8b02-46b5-9ab6-afbf9a0e0043,bailey.coupons,available,2.98,59.98,high,low,6,namecheap,,,21/09/2026 19:05
13d376a1-e5cb-4f6e-870b-6801d253d540,vibratory.coupons,available,2.98,59.98,medium,low,9,namecheap,,,13/09/2026 05:09
88a3028b-a7bd-4489-a9a7-799a9e0be45b,equivocal.coupons,available,2.98,59.98,high,low,9,namecheap,,,
c25a3e94-81e5-4cb9-a0f7-fcc382dd714b,foregone.coupons,available,2.98,59.98,medium,low,8,namecheap,,,11/08/2026 12:10
8461e837-3b32-45f2-b6da-ad9c6955e64a,chl.coupons,available,2.27,43.67,high,low,3,spaceship,,,30/09/2026 04:21
690e62ad-cf77-4770-8a72-08dce685682b,contemporary.coupons,available,2.27,43.67,high,low,12,spaceship,,,28/09/2026 15:37
2d191fe8-9b35-4360-acd4-a5004a45a43e,adriatic.coupons,available,2.98,59.98,high,low,8,namecheap,,,17/09/2026 10:03
57effc64-92d8-4823-8d68-08f38ab39e85,replicate.coupons,available,2.98,59.98,high,low,9,namecheap,,,14/08/2026 21:26
8ebb5467-1e9a-4cf2-99c6-b6f2bdd105e4,syllable.coupons,available,2.5,45.16,high,low,8,dynadot,,,29/09/2026 20:27
ed5ba4bd-bdc5-46db-b068-55df45986e84,clergy.coupons,available,2.27,43.67,high,low,6,spaceship,,,29/09/2026 09:59
4e24ff12-455b-46ec-9a89-064c533792a0,needles.coupons,available,42.2,42.2,high,low,7,cloudflare,,,29/09/2026 08:51
06f1ce77-fa3b-4c0c-9776-8d7ed90e718e,csa.coupons,available,2.27,43.67,high,low,3,spaceship,,,27/09/2026 17:26
ffce1390-f3c1-4126-912a-c127611c11c9,normalization.coupons,available,2.27,43.67,medium,low,13,spaceship,,,29/09/2026 09:26
87a29f25-61cb-43c3-a487-6a944b8dea2a,washington.coupons,premium,85.8,85.8,high,low,10,namecheap,,,28/09/2026 20:59
f27e5e24-fa24-4465-ae23-3a4cc4337d78,patio.coupons,available,2.57,43.77,high,low,5,porkbun,,,29/09/2026 13:40
3c5d8c58-8ea7-4b76-92dd-1fa80a5c4384,menominee.coupons,available,5.99,54.99,high,low,9,namesilo,,,30/09/2026 10:33
3d724407-aac4-4c36-aa4e-808e56dd0009,safest.coupons,available,5.99,54.99,high,low,6,namesilo,,,20/09/2026 20:39
65d3838b-0782-4844-a547-7d3d43036229,cer.coupons,available,2.5,45.16,high,low,3,dynadot,,,30/09/2026 16:38
7467b3a9-1cbe-4400-a519-2967fdb50621,hunchback.coupons,available,2.98,59.98,medium,low,9,namecheap,,,13/08/2026 07:49
c460b781-5269-4d46-a02f-993a782e460d,fellowing.coupons,available,2.98,59.98,medium,low,9,namecheap,,,20/09/2026 20:26
eba89184-0d23-407c-aa8d-e5e1ead9ef36,bottomless.coupons,available,2.98,59.98,high,low,10,namecheap,,,10/08/2026 21:21
a85c4255-92ea-4f7d-8eb0-776cf7743446,oahu.coupons,available,5.5,,medium,low,4,unstoppable,,,28/09/2026 10:38
444cb28e-9aac-44c2-a5d4-6dc32701239a,agitation.coupons,available,2.98,59.98,medium,low,9,namecheap,,,17/09/2026 18:06
4b52e46c-8bc5-47c1-a6f4-9b0512a98731,burman.coupons,available,42.2,42.2,high,low,6,cloudflare,,,01/10/2026 04:44
e8a9ca75-cae7-4e52-a654-21e1b29e4305,blueness.coupons,available,2.98,59.98,high,low,8,namecheap,,,10/08/2026 15:51
29a76029-056f-459d-8381-d160073d45b1,expands.coupons,available,42.2,42.2,medium,low,7,cloudflare,,,02/10/2026 12:26
45e0cb32-1b96-4f61-9411-48e3c9aa1fc7,enemy.coupons,available,5.5,54.99,high,low,5,unstoppable,,,01/10/2026 03:12
f2e7010e-92cd-44e2-aa50-a0e671aac767,electricity.coupons,available,2.98,59.98,high,low,11,namecheap,,,02/10/2026 10:51
895baedc-4221-4a6c-b65f-e812c03c95c3,grievance.coupons,available,2.5,45.16,medium,low,9,dynadot,,,02/10/2026 05:07
9280f95a-8b5d-419f-bc00-ce5a224ef663,punches.coupons,available,5.99,54.99,low,low,7,namesilo,,,29/09/2026 05:46
4a5f1e12-6cb9-4826-b174-a7c5b030a9fb,tornados.coupons,available,5.99,54.99,medium,low,8,namesilo,,,16/09/2026 14:12
f6f0be5c-004b-4eb5-98da-9bfa2ba2a6a3,fluky.coupons,available,2.98,59.98,medium,low,5,namecheap,,,18/08/2026 09:19
8ddefc5e-eaef-4063-b118-104e39632298,partially.coupons,available,2.98,59.98,high,low,9,namecheap,,,15/09/2026 18:59
6f6f4501-f28d-484a-ab7f-165437ad3ce2,saying.coupons,available,5.99,54.99,high,low,6,namesilo,,,25/09/2026 09:03
07975098-a945-4953-8363-faf36174dc06,bcs.coupons,available,5.5,,high,low,3,unstoppable,,,29/09/2026 15:15
d77d7981-377d-4f75-86c4-ff5ce1aad35c,bangor.coupons,available,2.98,59.98,high,low,6,namecheap,,,22/09/2026 01:58
7c4d5720-16df-44e0-a23b-1faab84311f7,dance.coupons,available,2.98,59.98,high,low,5,namecheap,,,24/09/2026 20:57
b3e979e3-790a-408b-b9ff-53783b62fcd9,niffy.coupons,available,2.98,59.98,low,low,5,namecheap,,,03/09/2026 17:10
26f581b2-2b2b-4ded-8fbe-7680d7bfcb13,severely.coupons,available,42.2,42.2,medium,low,8,cloudflare,,,28/09/2026 13:15
fe25fd42-e05c-4328-92d3-54688e0dae40,committees.coupons,available,5.99,54.99,medium,low,10,namesilo,,,20/09/2026 09:05
2cba8fd4-2789-41a9-a717-62bf8007381d,skylight.coupons,available,5.99,54.99,high,low,8,namesilo,,,03/10/2026 02:07
0b760d84-0740-4bee-a0d7-d7858fb4de85,bottled.coupons,available,2.27,43.67,medium,low,7,spaceship,,,29/09/2026 03:12
09220fcf-7eb0-41b3-bdc9-91938676bb97,nwa.coupons,available,5.5,,high,low,3,unstoppable,,,30/09/2026 04:42
6644ea28-e95a-4e73-aef7-d4e286febdac,shout.coupons,available,5.99,54.99,high,low,5,namesilo,,,29/09/2026 12:22
d5b9561e-80f9-4cdb-97fc-82e32f96ab8e,whistling.coupons,available,42.2,42.2,medium,low,9,cloudflare,,,28/09/2026 20:47
5396b974-14ed-4d97-a2e2-18a17d3e85dd,guile.coupons,available,2.98,59.98,medium,low,5,namecheap,,,13/08/2026 10:41
e5d368b9-5b5b-44ac-a9c2-4e415f357cdc,recovering.coupons,available,5.99,54.99,high,low,10,namesilo,,,23/09/2026 22:44
768fd9fe-7dc0-4833-91f8-a36c79e6c7d8,necessity.coupons,available,5.99,54.99,high,low,9,namesilo,,,24/09/2026 15:20
540b0c44-7f99-4d5e-bdc1-e7ec09c76849,hun.coupons,available,5.99,54.99,high,low,3,namesilo,,,30/09/2026 16:28
a2fa7856-042d-4883-8ca5-d26627990ace,vindictive.coupons,available,2.98,59.98,medium,low,10,namecheap,,,14/08/2026 04:21
f935dd82-e070-4fda-a33a-6683c92ce021,ernst.coupons,available,5.99,54.99,high,low,5,namesilo,,,25/09/2026 05:39
143a012a-bcf8-4c43-910d-f38447acd93d,thud.coupons,available,2.98,59.98,medium,low,4,namecheap,,,11/09/2026 15:12
c3f7d36f-6e38-4455-bd54-44f845d2d620,unusable.coupons,available,2.98,59.98,medium,low,8,namecheap,,,12/09/2026 21:58
d934f3b5-0eec-4a2f-8800-eb42d7bc5987,feat.coupons,available,3.99,93.99,high,low,4,godaddy,,,30/09/2026 01:35
89645b6b-9aba-4532-b0ff-ea9a2ab67753,brooke.coupons,available,5.99,54.99,high,low,6,namesilo,,,25/09/2026 02:29
c369b087-18b8-4282-af35-588991819821,everbody.coupons,available,5.5,,medium,low,8,unstoppable,,,02/10/2026 04:42
eed2e9e2-10f9-43d7-a926-c6d1233bb0db,relaxing.coupons,available,2.98,59.98,high,low,8,namecheap,,,09/09/2026 13:30
25fb9982-5b01-4d44-b647-55e055ce675b,foucault.coupons,available,2.27,43.67,medium,low,8,spaceship,,,28/09/2026 19:15
0492980e-384d-4747-8919-8de37e17ab94,seductive.coupons,available,2.98,59.98,high,low,9,namecheap,,,10/09/2026 01:39
6e111965-120d-4067-abdf-44ffcace9aca,follicular.coupons,available,2.98,59.98,medium,low,10,namecheap,,,18/08/2026 10:20
22aef4ab-4765-40e5-b7af-25ea684538e7,forecast.coupons,available,5.99,54.99,high,low,8,namesilo,,,21/09/2026 03:40
520047b2-3a76-4020-890a-d96ceb38ed5d,illuminating.coupons,available,5.5,,high,low,12,unstoppable,,,01/10/2026 23:00
4279d6d6-64c5-4866-af2d-7811b11fab8b,americans.coupons,available,2.98,59.98,medium,low,9,namecheap,,,08/09/2026 06:41
0de688b7-21bc-43c7-8554-55a2cbe7fce4,dane.coupons,available,2.27,43.67,high,low,4,spaceship,,,29/09/2026 00:37
5d0379cf-dc5d-4bc9-bb5e-c69d53b4018a,melody.coupons,available,5.5,,high,low,6,unstoppable,,,28/09/2026 02:24
306bafda-266a-4816-94a9-f87b8d0feae0,abs.coupons,available,5.99,54.99,high,low,3,namesilo,,,16/09/2026 17:29
6c8e6785-10a8-4aa4-b062-eb453bc9f4f4,lame.coupons,available,2.98,59.98,high,low,4,namecheap,,,13/08/2026 07:03
756d5128-be37-43e1-baf3-0132793f2bcb,done.coupons,available,5.99,54.99,high,low,4,namesilo,,,24/09/2026 11:39
262ff40b-d611-45c2-a92f-bb04a038b7c7,notebooks.coupons,available,5.99,54.99,medium,low,9,namesilo,,,20/09/2026 11:51
25fc1a7c-86a8-4542-bda8-b42bc57b13e8,testicle.coupons,available,5.99,54.99,medium,low,8,namesilo,,,21/09/2026 22:59
b1e9e8af-e4e7-4381-a8fc-c4fd2c392a81,selected.coupons,available,5.99,54.99,high,low,8,namesilo,,,27/09/2026 19:50
560a3986-59c7-420d-9194-55e5a5d3cc72,wordless.coupons,available,2.98,59.98,medium,low,8,namecheap,,,03/09/2026 11:53
e191426b-1a8d-4a37-b84e-f971c386e44d,colloidal.coupons,available,2.98,59.98,medium,low,9,namecheap,,,12/08/2026 17:12
91fb5610-85cc-4094-a59c-50710749b69c,bitten.coupons,available,5.5,,low,low,6,unstoppable,,,29/09/2026 10:18
382ac767-f0c3-4e5e-ac5c-0ffe242816fb,unlikeable.coupons,available,2.98,59.98,medium,low,10,namecheap,,,12/09/2026 00:56
a2261a93-2c80-4402-87b3-c8d572cb5c1f,toast.coupons,available,42.2,42.2,high,low,5,cloudflare,,,29/09/2026 21:04
109744db-58f8-4190-beb9-530315072631,ascription.coupons,available,5.99,54.99,medium,low,10,namesilo,,,20/09/2026 13:27
af777596-164d-4ec4-b0b7-fc4405381831,crippled.coupons,available,2.98,59.98,medium,low,8,namecheap,,,13/08/2026 07:00
cae1e7c9-da15-425c-8b93-5ed7d12c15c7,omdurman.coupons,available,5.99,54.99,medium,low,8,namesilo,,,22/09/2026 15:32
bd08fbc8-554d-43ca-ac81-3f95ad04ceef,downloaded.coupons,available,42.2,42.2,medium,low,10,cloudflare,,,30/09/2026 23:49
110e19d3-08d3-4202-b134-b93830025ebd,benni.coupons,available,5.99,54.99,high,low,5,namesilo,,,23/09/2026 08:28
648b2128-e422-449d-b132-6c648558bf4e,intersect.coupons,available,42.2,42.2,high,low,9,cloudflare,,,02/10/2026 06:45
bd031d5f-6d52-4713-bfc1-328abf2559d6,gainly.coupons,available,2.98,59.98,medium,low,6,namecheap,,,18/08/2026 19:33
8bd0927b-7cc3-4426-934a-b07a5bb76d48,insidious.coupons,available,2.98,59.98,medium,low,9,namecheap,,,22/08/2026 07:05
0682c8fc-a5f2-4e2f-b05f-2b26ce86c549,adobo.coupons,available,5.99,54.99,medium,low,5,namesilo,,,17/09/2026 09:29
69d200db-15cb-48d2-8bb2-c67b28f5cde5,bernini.coupons,available,5.99,54.99,high,low,7,namesilo,,,23/09/2026 09:56
f25396b9-b690-44a3-8a9b-550fab3c20e8,acrylic.coupons,available,3.99,71.99,high,low,7,name.com,,,17/09/2026 04:05
f4add798-1ffc-4cf5-abbf-f5598e7f4543,eastside.coupons,available,2.98,59.98,high,low,8,namecheap,,,14/08/2026 22:58
2918c22e-2b9b-4fbf-976b-5a5c273c7b87,gev.coupons,available,5.99,54.99,medium,low,3,namesilo,,,30/09/2026 12:48
417fc40e-2d37-4868-bd72-1a18031882b5,logo.coupons,available,2.27,43.67,high,low,4,spaceship,,,30/09/2026 21:05
18bb3373-1d8c-43ba-9b60-8a8fe30dffd2,rudi.coupons,available,5.5,,high,low,4,unstoppable,,,01/10/2026 09:12
7db6c70d-2b19-48e3-85a9-ef178dcbf2e7,irritate.coupons,available,2.27,43.67,medium,low,8,spaceship,,,29/09/2026 14:40
6f4706bd-160b-4b8a-a205-a52510e44b67,chalky.coupons,available,2.98,59.98,medium,low,6,namecheap,,,11/08/2026 13:39
18322527-aab5-49a4-aaad-e188c38fe1ef,cervine.coupons,available,2.98,59.98,medium,low,7,namecheap,,,12/08/2026 01:00
37739596-a2fc-4599-b5cc-6540297cd825,regulars.coupons,available,2.98,59.98,high,low,8,namecheap,,,30/09/2026 15:46
6b6f8f12-759a-4e67-99ff-6466f7eaffe9,rhys.coupons,available,42.2,42.2,medium,low,4,cloudflare,,,28/09/2026 18:25
9509d198-6765-4c71-9522-453ac1fab61e,carboxylic.coupons,available,2.98,59.98,medium,low,10,namecheap,,,11/08/2026 18:46
f31e993f-28d0-4e32-9114-a1ae6cd0ebd1,kish.coupons,available,5.5,,medium,low,4,unstoppable,,,02/10/2026 17:54
12e287b2-6fd4-46ac-8e46-d1ebd5ebbbf1,bimodal.coupons,available,2.98,59.98,medium,low,7,namecheap,,,09/08/2026 23:23
0225f191-d0d6-4897-ba13-6330f63f1eb9,reduces.coupons,available,2.27,43.67,medium,low,7,spaceship,,,02/10/2026 13:41
f563bf80-acf3-410c-9c60-824511777ff0,unaltered.coupons,available,2.98,59.98,medium,low,9,namecheap,,,12/09/2026 00:30
983c72d1-0f67-49b7-ba1e-a39ba3899eb1,experimenting.coupons,available,2.27,43.67,high,low,13,spaceship,,,29/09/2026 08:49
632c7225-b46e-4eae-8928-bb1e1cdae4c1,florist.coupons,available,42.2,42.2,high,low,7,cloudflare,,,01/10/2026 02:11
93f3edc2-d351-4332-b659-9b31da64036a,curable.coupons,available,2.98,59.98,high,low,7,namecheap,,,13/08/2026 10:59
d12a1a3c-9f66-4a62-aa93-119ad0e56d4c,buddies.coupons,available,5.5,,medium,low,7,unstoppable,,,29/09/2026 06:02
274839c8-fffc-44a7-b1c5-e91a30c9a1c2,fuse.coupons,available,5.5,,high,low,4,unstoppable,,,28/09/2026 05:34
7bcd110e-6d1e-4ff5-a8d9-d991a37188e0,angela.coupons,available,5.99,54.99,high,low,6,namesilo,,,25/09/2026 13:41
6cc73de7-ff06-4dab-8f1f-cafa77af602b,proprietary.coupons,available,2.5,45.16,high,low,11,dynadot,,,01/10/2026 22:15
c19a0f8e-e8a0-4445-a608-e28272770ca0,slapdash.coupons,available,2.98,59.98,medium,low,8,namecheap,,,10/09/2026 09:57
eb15f8b8-8f70-4824-a5e5-244563135028,cork.coupons,available,2.5,45.16,high,low,4,dynadot,,,29/09/2026 00:12
03401ab8-5498-4902-a691-6d046f8777a7,maghreb.coupons,available,2.27,43.67,medium,low,7,spaceship,,,01/10/2026 20:27
3e3f4a11-c80b-4928-82a8-fa0646608b2b,pubescent.coupons,available,2.98,59.98,medium,low,9,namecheap,,,09/09/2026 05:15
3abbc60d-a656-42db-943e-9ab2b5ecd09a,gpu.coupons,available,2.27,43.67,high,medium,3,spaceship,,,30/09/2026 19:48
a51c5d74-5801-4883-8985-e42982a8b771,nonpolar.coupons,available,2.98,59.98,medium,low,8,namecheap,,,03/09/2026 20:17
c485e2e8-9969-4ece-97bd-8396392188e9,balustrade.coupons,available,5.99,54.99,high,low,10,namesilo,,,22/09/2026 00:29
9f187b67-cc7f-40af-95d9-4b251ac224ca,jensen.coupons,available,3.99,71.99,high,low,6,name.com,,,25/09/2026 07:58
186ec220-802d-4266-ba95-63c745ddf1f4,lenses.coupons,available,2.27,43.67,medium,low,6,spaceship,,,29/09/2026 05:38
a21b6179-8c4d-4d0b-b746-779fee9fedde,alluvion.coupons,available,5.99,54.99,medium,low,8,namesilo,,,18/09/2026 12:21
965f5314-1e45-4d3b-99d4-e5dec6f984c7,humour.coupons,available,5.99,54.99,high,low,6,namesilo,,,24/09/2026 06:31
b8a5fa21-d4bb-428d-8df8-d3d6b751493b,psl.coupons,available,42.2,42.2,high,low,3,cloudflare,,,02/10/2026 07:57
d51743d3-b6a1-4e41-a427-f445c1bf06a4,territorial.coupons,available,2.27,43.67,medium,low,11,spaceship,,,28/09/2026 21:11
7d2f58f3-0f6b-4520-8cee-d45ba41a1110,bawling.coupons,available,2.98,59.98,medium,low,7,namecheap,,,13/09/2026 07:42
76dfd7b8-f6eb-4c59-9fc0-3e8563929b82,hyperbolic.coupons,available,2.98,59.98,high,low,10,namecheap,,,21/08/2026 16:44
f5161d34-aac0-439b-a5fa-9c0f84da1602,introduce.coupons,available,5.99,54.99,high,low,9,namesilo,,,30/09/2026 00:04
8594a18a-1c57-462a-8ced-cc84c9a8a692,hillsborough.coupons,available,5.99,54.99,medium,low,12,namesilo,,,28/09/2026 07:56
c47ed88e-2600-40c4-8999-f9eb1df124bc,suspended.coupons,available,2.98,59.98,medium,low,9,namecheap,,,11/09/2026 04:55
e69b977e-3bea-405f-860b-f190236aa9d6,papuan.coupons,available,2.98,59.98,medium,low,6,namecheap,,,05/09/2026 01:44
72063c2d-c9d7-43fe-8004-216ae39b904c,impeachment.coupons,available,2.27,43.67,medium,low,11,spaceship,,,01/10/2026 13:29
d22d6921-3a0b-4a98-8d7f-7118f2fda978,phd.coupons,available,5.99,54.99,high,low,3,namesilo,,,25/09/2026 09:56
21c73778-c78a-4009-b4ef-3573652d3b2b,illusive.coupons,available,2.98,59.98,medium,low,8,namecheap,,,21/08/2026 20:13
9fb93b9d-34d6-446f-9ec1-51fb801ed70d,alpenstock.coupons,available,5.99,54.99,medium,low,10,namesilo,,,18/09/2026 13:32
8bf97759-e5e7-4431-ab4e-a277656cb889,absorbed.coupons,available,5.99,54.99,high,low,8,namesilo,,,21/09/2026 14:58
1415f973-2381-47e9-aab2-1db850a4a44f,spending.coupons,available,5.99,54.99,high,low,8,namesilo,,,27/09/2026 03:51
d1f50f51-a44a-4408-9a4e-af57c78a4072,ewen.coupons,available,2.27,43.67,medium,low,4,spaceship,,,02/10/2026 18:38
8c20f708-7642-4451-aa9c-ec9429bc027e,regarding.coupons,available,2.98,59.98,high,low,9,namecheap,,,27/09/2026 06:20
1f43c738-2bbd-4e72-8eaf-12d33ba58a7e,memo.coupons,available,2.27,43.67,high,low,4,spaceship,,,28/09/2026 02:24
f63e8de3-8740-47bf-a7c8-80274ca703e0,pascal.coupons,available,5.99,54.99,high,low,6,namesilo,,,24/09/2026 03:44
5aef3db5-4d27-49f8-aa8c-8eb6ef305837,igor.coupons,available,2.5,45.16,high,low,4,dynadot,,,28/09/2026 03:33
2c6dfeb6-5693-453a-a9c8-150e76ac7b75,gaudy.coupons,available,2.98,59.98,medium,low,5,namecheap,,,18/08/2026 06:37
ed92fbc3-4022-4741-923e-959a360f111d,grandchildren.coupons,available,2.98,59.98,medium,low,13,namecheap,,,
e592625b-ddc2-4af4-bd01-6e80b536b445,zagreb.coupons,available,2.27,43.67,high,low,6,spaceship,,,28/09/2026 06:54
c2b8f822-f202-47a5-8d31-948f2149f98d,ingalls.coupons,available,5.99,54.99,medium,low,7,namesilo,,,29/09/2026 15:51
12cc0cc0-311d-4380-a2cd-f15754ec84f2,beads.coupons,available,5.99,54.99,high,low,5,namesilo,,,29/09/2026 01:39
3b6ebeeb-419e-41ab-937c-ad4f9af4cf15,nasir.coupons,available,5.99,54.99,medium,low,5,namesilo,,,30/09/2026 13:54
2c7468af-f85c-42f7-84e4-2e9ec0cb84f6,sodium.coupons,available,5.99,54.99,high,low,6,namesilo,,,20/09/2026 22:13
9f5b3669-1119-4e8f-82d5-da191eec88da,dnr.coupons,available,5.99,54.99,high,low,3,namesilo,,,02/10/2026 08:32
ed0b9c96-b6e1-407b-9475-2e1acfb84575,mercy.coupons,available,5.99,54.99,high,low,5,namesilo,,,25/09/2026 09:18
e1f967c2-bae2-4695-8347-762fc1b36b97,niobium.coupons,available,5.99,54.99,medium,low,7,namesilo,,,20/09/2026 23:04
0d91261f-b1e2-41bc-bacc-4980d575bad3,obese.coupons,available,5.99,54.99,high,low,5,namesilo,,,23/09/2026 23:32
b546bf44-297e-4d77-b027-513243a50ddb,abator.coupons,available,2.98,59.98,medium,low,6,namecheap,,,16/09/2026 14:13
ad07b212-5598-407c-9fe9-9d3588f62234,firmly.coupons,available,2.98,59.98,high,low,6,namecheap,,,19/09/2026 17:07
af56d70a-6674-4ddb-b703-c737909c2015,bandit.coupons,available,5.99,54.99,high,low,6,namesilo,,,22/09/2026 01:19
4958a17a-194a-4e33-8565-d2590a17a6b7,eis.coupons,available,2.5,45.16,high,low,3,dynadot,,,29/09/2026 16:22
0ad17af9-c1ca-4006-a9bd-1415ae9a3afb,virginity.coupons,available,2.27,43.67,high,low,9,spaceship,,,29/09/2026 20:35
1d1ef87b-2aac-47a3-bc5a-e1ffa717d669,risen.coupons,available,5.99,54.99,high,low,5,namesilo,,,27/09/2026 15:29
f66039d0-96a0-481f-bb55-42c8e3ab5080,cephalopod.coupons,available,2.98,59.98,medium,low,10,namecheap,,,12/08/2026 00:21
264f94af-5236-444f-b13e-98e60f7eecf0,wares.coupons,available,42.2,42.2,medium,low,5,cloudflare,,,30/09/2026 20:59
47c898c6-80bd-4040-9f02-e42479357810,senses.coupons,available,3.99,,high,low,6,name.com,,,
371e1372-7dc1-43b4-b0c1-83e36c18408c,assassin.coupons,available,5.99,54.99,high,low,8,namesilo,,,20/09/2026 15:43
4b36c3eb-e624-48c2-8ba6-731ddcbe50a3,fucking.coupons,available,5.99,54.99,high,low,7,namesilo,,,24/09/2026 22:07
8db0a1b1-b488-4ca7-8072-57d717d268e8,tripod.coupons,available,2.27,43.67,high,low,6,spaceship,,,30/09/2026 19:02
c45bd31c-c8e3-49c3-bdf3-55a6d7988972,inch.coupons,available,5.99,54.99,high,low,4,namesilo,,,25/09/2026 08:00
267da248-342b-43bc-9202-0e1b6e3483ac,terzetto.coupons,available,2.98,59.98,medium,low,8,namecheap,,,
ecd6cca2-316e-4007-805e-0089dbade8a9,norms.coupons,available,3.99,,medium,low,5,name.com,,,
d9102db2-db8c-4644-9a04-61d591c83b9d,repeats.coupons,available,5.99,54.99,medium,low,7,namesilo,,,29/09/2026 17:30
83eeae08-bfb9-4f11-96c0-5b90a502689c,garbanzo.coupons,available,2.98,59.98,medium,low,8,namecheap,,,24/09/2026 14:31
726cca91-42fd-4d05-b12d-f3efa73547d0,childly.coupons,available,2.98,59.98,medium,low,7,namecheap,,,12/08/2026 05:14
1c893c3d-94ae-48bc-af81-04ff114a4e07,glassed.coupons,available,2.98,59.98,medium,low,7,namecheap,,,20/08/2026 14:07
c5c7d836-21f4-4272-99ae-067b349be6c1,dei.coupons,available,5.99,54.99,high,low,3,namesilo,,,02/10/2026 12:27
698e0e90-2524-4f8b-92a2-8ba51d5ea51d,gifted.coupons,available,2.98,59.98,high,low,6,namecheap,,,18/08/2026 23:27
f392660f-284f-4faf-835b-f548ca1583aa,loosely.coupons,available,5.99,54.99,medium,low,7,namesilo,,,28/09/2026 13:33
dc9f9a84-8bb6-48c2-9054-50043e562e12,entrenched.coupons,available,2.98,59.98,medium,low,10,namecheap,,,24/09/2026 14:13
4312a766-7c78-49d0-88d1-a3566b2ebde1,xiang.coupons,available,2.27,43.67,high,low,5,spaceship,,,29/09/2026 22:18
4870fdf1-8f25-49cc-8047-29cbd7a164a2,earnings.coupons,available,42.2,42.2,high,low,8,cloudflare,,,29/09/2026 18:43
6c0ab738-a275-4484-970a-d21042be8456,skyline.coupons,available,2.98,59.98,high,low,7,namecheap,,,19/09/2026 20:18
f7ef584c-66cb-41e4-be31-6f9c1f8e55c1,shipments.coupons,available,5.5,,medium,low,9,unstoppable,,,01/10/2026 00:42
c9487dc5-2b06-4f3e-b5bb-a985bbc54592,manycore.coupons,available,5.99,54.99,medium,low,8,namesilo,,,17/09/2026 08:17
59ade788-cf95-4c82-b3ef-ccbe2ea972bc,benedick.coupons,available,5.99,54.99,high,low,8,namesilo,,,23/09/2026 07:51
00731f3c-a25f-4a1a-a379-6afde75eda60,ribbing.coupons,available,2.98,59.98,medium,low,7,namecheap,,,11/09/2026 10:01
a0a6b14c-d0f7-42c7-b6de-007456e08526,vanish.coupons,available,5.5,,high,low,6,unstoppable,,,29/09/2026 14:13
dd3077ba-ff5e-4557-8c8b-5167185a8909,plantations.coupons,available,2.57,43.77,medium,low,11,porkbun,,,02/10/2026 12:59
650714fb-a637-47f2-a00d-78c893c89177,disharmony.coupons,available,5.99,54.99,medium,low,10,namesilo,,,24/09/2026 22:38
b21ba326-05ac-4c4c-b754-c26ee19717f1,hummingbird.coupons,available,2.98,59.98,high,low,11,namecheap,,,02/10/2026 07:10
69efed1f-9251-4917-aa26-79495944a5ff,airplanes.coupons,available,5.99,54.99,medium,low,9,namesilo,,,28/09/2026 22:55
d194e93e-b1c0-45b8-933a-48c98cc87900,unrevealed.coupons,available,2.98,59.98,medium,low,10,namecheap,,,12/09/2026 08:09
7988d3d6-65b0-4dfa-be9f-78f9330abd81,goosey.coupons,available,2.98,59.98,medium,low,6,namecheap,,,14/08/2026 16:06
f31c780a-4f3d-4685-80f3-f5e9049ef892,diversity.coupons,available,5.99,54.99,high,low,9,namesilo,,,29/09/2026 16:23
c5583015-ab35-4427-a031-bc0390df4c34,pieces.coupons,available,2.98,59.98,medium,low,6,namecheap,,,17/09/2026 19:58
f55402ec-c746-48a0-a5fc-af0947257127,madagascan.coupons,available,2.98,59.98,medium,low,10,namecheap,,,24/08/2026 12:55
e891b47e-915f-44aa-9565-c63c4ab1a689,enriched.coupons,available,2.27,43.67,medium,low,8,spaceship,,,02/10/2026 22:01
5de19c84-beb1-451e-a612-5b29d1e1df84,dishonor.coupons,available,2.27,43.67,medium,low,8,spaceship,,,29/09/2026 15:45
cab083ac-775a-4b03-9c8f-f7aef16ffaf1,gravid.coupons,available,2.98,59.98,medium,low,6,namecheap,,,16/08/2026 22:11
cce1fc41-83a4-41c2-a1ec-170f117ffd57,shutters.coupons,available,2.27,43.67,medium,low,8,spaceship,,,02/10/2026 03:37
2c6a92e6-c7ac-46a9-bbfc-6318577b50cd,kurds.coupons,available,2.27,43.67,medium,low,5,spaceship,,,28/09/2026 05:10
f5f17715-e08f-4c5f-9ded-3fa938e766b0,adalia.coupons,available,2.98,59.98,medium,low,6,namecheap,,,17/09/2026 06:12
544b35a4-4ea9-4335-ab2c-5a645d8bd199,sightly.coupons,available,2.98,59.98,medium,low,7,namecheap,,,10/08/2026 18:49
73aef15a-be1b-4933-a231-d15165099806,expansion.coupons,available,2.27,43.67,high,low,9,spaceship,,,28/09/2026 19:05
6e67b7d3-c800-4051-84d7-0bbbca421f64,sale.coupons,resell,,,high,low,4,,,,29/09/2026 13:09
351e4270-9c6b-4976-9ec3-bb00438510b4,tide.coupons,available,42.2,42.2,high,low,4,cloudflare,,,30/09/2026 03:36
142a14c5-a496-4d21-9bd4-79747b88e90a,sass.coupons,available,5.99,54.99,high,low,4,namesilo,,,21/09/2026 14:47
58abb28c-ee74-4ffa-9cda-ac4affa0e85e,auld.coupons,available,2.98,59.98,medium,low,4,namecheap,,,07/08/2026 17:21
9080a6c7-0089-4526-bdcb-13b8376bd01e,rockwell.coupons,available,5.99,54.99,high,low,8,namesilo,,,27/09/2026 04:54
d04a1dc0-208e-4986-ab01-47ccc529894b,shaded.coupons,available,2.98,59.98,medium,low,6,namecheap,,,10/09/2026 05:23
e51ffbed-4bcb-4562-ac2e-17ea6f4bdba8,citing.coupons,available,5.99,54.99,high,low,6,namesilo,,,01/10/2026 06:07
9dd6ae9c-650a-4294-89f3-12d27d0066a7,duvall.coupons,available,2.57,43.77,medium,low,6,porkbun,,,30/09/2026 05:34
80ec7729-5d61-462e-9179-1374cc954281,swank.coupons,available,2.98,59.98,high,low,5,namecheap,,,12/08/2026 04:51
82199b8f-8ea3-43d9-828f-4127a02b6dbf,undefeated.coupons,available,2.98,59.98,high,low,10,namecheap,,,12/09/2026 07:12
f8b25767-4891-4981-b5aa-ae6034dc5c6b,therefore.coupons,available,2.27,43.67,medium,low,9,spaceship,,,28/09/2026 15:07
a0d56e6e-4c66-4efe-b859-1e4b9591f705,ounce.coupons,available,5.5,,high,low,5,unstoppable,,,28/09/2026 21:44
b3447045-e2a6-4844-b2dc-c1005cc71d50,alzheimer.coupons,available,5.99,54.99,medium,low,9,namesilo,,,03/10/2026 03:52
3aab584c-c179-4213-a5dd-a5d9801971d9,bode.coupons,available,5.99,54.99,medium,low,4,namesilo,,,21/09/2026 03:28
2141bde8-ff02-4131-bd3c-1aeb7626c2c4,anergy.coupons,available,5.99,54.99,medium,low,6,namesilo,,,19/09/2026 05:29
b5927adc-b5d0-4b17-b4dc-6fe5018c5efb,razorbill.coupons,available,2.98,59.98,medium,low,9,namecheap,,,18/09/2026 03:39
f839cd59-2d53-4fa3-bf4b-70047fddd03d,norseman.coupons,available,2.98,59.98,medium,low,8,namecheap,,,03/09/2026 21:43
60de59d9-144f-49e7-a655-3c0bb0a82647,bliss.coupons,available,3.99,71.99,high,medium,5,name.com,,,24/09/2026 06:14
ee207fcc-b784-4a99-a685-4ba0c2da875b,chlorine.coupons,available,2.98,59.98,high,low,8,namecheap,,,12/08/2026 09:10
44364cb9-a897-46fb-8925-03e55e4f0b24,hara.coupons,available,2.5,45.16,medium,low,4,dynadot,,,30/09/2026 13:49
759d4c31-b264-45ae-9882-a14f283e59f6,bat.coupons,available,2.98,59.98,high,low,3,namecheap,,,20/09/2026 18:59
b26f66d3-580e-40d8-a494-49710825270e,come.coupons,available,5.5,,high,low,4,unstoppable,,,28/09/2026 09:23
8aa03ee2-f814-4a0e-8a05-e1045d4c97cb,helga.coupons,available,2.5,45.16,high,low,5,dynadot,,,30/09/2026 21:14
df9d926a-3e8b-42c8-83cd-df6f52cc9377,adorable.coupons,available,2.98,59.98,high,low,8,namecheap,,,21/09/2026 19:18
56e3e386-a137-413d-9649-62e7cf7b30a5,reminder.coupons,available,2.98,59.98,high,low,8,namecheap,,,28/09/2026 18:51
2431a5a7-2dac-41d0-90f1-7033701c93f5,laws.coupons,available,2.27,43.67,high,low,4,spaceship,,,30/09/2026 02:25
29f877dc-6801-4398-96f9-e97ea6f0af8f,cleaning.coupons,available,2.98,59.98,high,low,8,namecheap,,,12/08/2026 10:25
c0f6a3ef-63ae-4e64-ab2b-99a00876a6d2,asimov.coupons,available,5.99,54.99,high,low,6,namesilo,,,20/09/2026 14:15
c1c29807-5038-461e-b6e8-f2c8cdb132cb,garland.coupons,available,5.99,54.99,high,low,7,namesilo,,,30/09/2026 16:42
03c81b72-28ef-4d96-b6fa-71a3bd86d769,seasoned.coupons,available,2.98,59.98,high,low,8,namecheap,,,10/09/2026 01:00
2316db5d-4c18-45d2-904f-e8fdba64b313,passively.coupons,available,2.98,59.98,medium,low,9,namecheap,,,15/09/2026 19:09
6d72bb83-4f3c-457b-9d9f-569ade378a9e,maunder.coupons,available,5.99,54.99,medium,low,7,namesilo,,,23/09/2026 23:31
0c2c34f4-747b-412e-b7f7-a23ae88d798a,unfirm.coupons,available,2.98,59.98,low,low,6,namecheap,,,12/09/2026 10:19
419a7fd8-216c-47b9-bb41-61ace6520606,resourceful.coupons,available,5.99,54.99,high,low,11,namesilo,,,01/10/2026 22:40
47602d7b-253c-4bfe-8144-9088440cefb7,defeating.coupons,available,5.99,54.99,low,low,9,namesilo,,,01/10/2026 17:41
f29a9ae7-0fcc-4fbe-aec3-4acdabe504b2,generals.coupons,available,5.99,54.99,medium,low,8,namesilo,,,18/09/2026 06:44
59edcc6a-e377-42d1-8d9d-16d3d080e58d,choke.coupons,available,5.99,54.99,medium,low,5,namesilo,,,24/09/2026 14:43
fb695fa4-7355-4da7-af43-1c269f458a5a,chuckles.coupons,available,2.27,43.67,medium,low,8,spaceship,,,02/10/2026 23:09
b5e1e82d-37ec-4a4a-a66f-91df949c245c,kits.coupons,available,2.27,43.67,high,low,4,spaceship,,,30/09/2026 07:22
f9ed1f87-059c-4f15-b730-a164377cd466,reeder.coupons,available,2.27,43.67,high,low,6,spaceship,,,02/10/2026 19:06
070de777-adf7-4b9e-9917-44c03eee478c,sallie.coupons,available,2.27,43.67,medium,low,6,spaceship,,,30/09/2026 21:12
45331e89-0e13-4117-bc63-8d946ed92bd7,heritable.coupons,available,2.98,59.98,medium,low,9,namecheap,,,21/08/2026 07:08
34a3c0d3-2f5f-4104-b573-294c05299e5e,untrue.coupons,available,2.98,59.98,medium,low,6,namecheap,,,26/09/2026 03:18
31c63a44-674a-4ade-87a6-8dea6a3cb888,tog.coupons,available,2.98,59.98,high,low,3,namecheap,,,19/09/2026 20:00
9ec119e2-c294-4185-8097-6a9a0990db1a,suckers.coupons,available,2.27,43.67,medium,low,7,spaceship,,,30/09/2026 16:06
9d246d84-9d0f-44ba-92b1-3ccdda99bcff,nutcase.coupons,available,2.98,59.98,medium,low,7,namecheap,,,13/08/2026 05:36
1d0633fa-de17-48bc-985b-3c14af395a68,misery.coupons,available,5.99,54.99,medium,low,6,namesilo,,,27/09/2026 04:46
666aaf85-9484-42ef-b1c8-211be28b2f24,tannic.coupons,available,2.98,59.98,medium,low,6,namecheap,,,11/09/2026 08:01
7039674c-e80f-49f1-bba5-18fe20bcf23f,anointer.coupons,available,5.99,54.99,medium,low,8,namesilo,,,19/09/2026 11:18
639cd64b-2415-42c3-bfd2-79788374576a,newberry.coupons,available,5.99,54.99,medium,low,8,namesilo,,,28/09/2026 21:39
fb495b5e-605b-412a-a966-699495346dd0,numberless.coupons,available,2.98,59.98,high,low,10,namecheap,,,13/08/2026 03:42
3258ac4c-fdcd-4d76-98ba-ddc820a2f3a7,clown.coupons,available,5.99,54.99,high,low,5,namesilo,,,22/09/2026 06:35
2c69616c-7b9e-4395-aa05-f9c4b8b26d10,aggregated.coupons,available,2.98,59.98,high,low,10,namecheap,,,
d65ae954-3ae1-44d7-8386-56c9c7a65b0c,tenderly.coupons,available,5.99,54.99,high,low,8,namesilo,,,16/09/2026 08:17
b9c4bf78-eb07-4c3d-a3bb-a1f643644879,vent.coupons,available,5.5,,high,low,4,unstoppable,,,30/09/2026 14:25
ee4a9fcb-0d46-4497-ab70-65b9ef7b02bb,buffon.coupons,available,2.98,59.98,medium,low,6,namecheap,,,02/10/2026 18:57
3ba5bacd-afa3-4b31-8827-7165f72e819d,derelict.coupons,available,2.98,59.98,medium,low,8,namecheap,,,21/09/2026 13:39
3785a869-a641-4373-b1a1-078149d56941,unstuck.coupons,available,2.98,59.98,high,low,7,namecheap,,,12/09/2026 20:40
2c6118ee-ca13-4d84-bc66-88490894c60d,mistflower.coupons,available,2.98,59.98,medium,low,10,namecheap,,,17/09/2026 17:17
1932957b-581a-4726-b71a-f48174c5cf6e,hanoi.coupons,available,5.99,54.99,high,low,5,namesilo,,,29/09/2026 07:17
ce771c18-f2b9-4376-a7ba-80135f87f419,alleviate.coupons,available,5.99,54.99,high,low,9,namesilo,,,01/10/2026 22:08
b80fbf6d-d9d1-44a8-8b19-90a02da86613,exotic.coupons,available,2.98,59.98,high,low,6,namecheap,,,17/08/2026 17:49
877028a2-9cd2-40eb-bff7-d03b443bc5d0,girls.coupons,premium,78.54,78.54,high,low,5,namesilo,,,16/09/2026 23:49
faae4e71-43a2-4c54-8c19-bf6e4c854821,zimmerman.coupons,available,2.98,59.98,high,low,9,namecheap,,,27/09/2026 20:41
be7fc716-6706-40fd-b2e5-2467608fb6ed,swingy.coupons,available,2.98,59.98,medium,low,6,namecheap,,,23/08/2026 09:29
afc3d9cf-5745-4b2b-ab71-ac0272083811,macon.coupons,available,5.99,54.99,high,low,5,namesilo,,,27/09/2026 04:39
f33b7a0f-a54f-4ec3-8d6a-47e1ecdf1b2a,beneficent.coupons,available,2.98,59.98,high,low,10,namecheap,,,09/08/2026 14:22
0c60cc41-89c0-443a-a0ae-d80fab603c09,shimon.coupons,available,5.99,54.99,medium,low,6,namesilo,,,02/10/2026 00:33
2bf4876c-8e62-4f5c-8ce1-9e9632180f13,peruvian.coupons,available,2.98,59.98,high,low,8,namecheap,,,08/09/2026 18:07
76976c3a-d114-4f70-af66-90cd0a26d6fe,blackpoll.coupons,available,5.99,54.99,medium,low,9,namesilo,,,24/09/2026 02:54
95cc6596-8864-41ef-920b-8084d217c855,regrets.coupons,available,2.98,59.98,medium,low,7,namecheap,,,28/09/2026 15:15
e04f3349-35f4-4c10-a244-fb226c492f9c,cyborg.coupons,available,2.98,59.98,high,low,6,namecheap,,,23/09/2026 18:37
ca4b39c1-7d95-49ef-8847-fe7f80e5d7fd,changeless.coupons,available,2.98,59.98,medium,low,10,namecheap,,,12/08/2026 01:58
b4cd3ee6-e51e-45a0-aa6a-b801efa7d522,nana.coupons,available,5.5,,high,low,4,unstoppable,,,01/10/2026 01:36
7bd8c207-0a54-4979-befa-9916510220a9,greater.coupons,available,2.98,59.98,high,low,7,namecheap,,,20/08/2026 19:38
f91cca1e-6f3a-4419-a29c-1cdf939f8a89,cultivator.coupons,available,2.98,59.98,medium,low,10,namecheap,,,17/09/2026 19:20
79eb67f8-1285-4a0b-a613-198d2ae63953,homozygous.coupons,available,2.98,59.98,medium,low,10,namecheap,,,21/08/2026 13:12
cd2a5cc0-201b-4ae8-8142-0f1ad5ae56b3,klaus.coupons,available,2.98,59.98,medium,low,5,namecheap,,,27/09/2026 01:38
3fbc4210-d67c-4df3-833b-7d3ccacac851,hamster.coupons,available,5.99,54.99,high,low,7,namesilo,,,01/10/2026 02:24
06587380-0e5a-4e7b-96b0-fba60a06637d,abortus.coupons,available,5.99,54.99,medium,low,7,namesilo,,,16/09/2026 16:40
a5909668-bb55-4058-87e7-013aa9c418e1,circa.coupons,available,2.98,59.98,high,low,5,namecheap,,,01/10/2026 22:24
f7614754-2701-4a66-ba79-6e49a0cb0a5c,unsociable.coupons,available,2.98,59.98,medium,low,10,namecheap,,,12/09/2026 20:09
9167980c-6a77-48ec-a74d-27b3662248b2,tears.coupons,available,2.98,59.98,high,low,5,namecheap,,,24/09/2026 02:29
9136489f-9e15-4d80-9d0a-3a2d3af92c85,relates.coupons,available,5.99,54.99,medium,low,7,namesilo,,,01/10/2026 00:18
e2d84372-bbc0-442c-b19c-981820376add,fuel.coupons,resell,,,high,low,4,"NameCheap, Inc.",22/11/2025 03:23,22/11/2026 03:23,29/09/2026 20:07
5df51914-aa37-4cb5-b2c5-ba4eff71d9b3,highness.coupons,available,2.27,43.67,high,low,8,spaceship,,,28/09/2026 14:27
9f08eeb8-aa26-4137-a04c-6ed4956c6ed8,implicit.coupons,available,2.98,59.98,high,low,8,namecheap,,,21/08/2026 22:37
a614315b-f3e0-457b-b16f-be8e987bb7d2,interesting.coupons,available,2.27,43.67,high,low,11,spaceship,,,01/10/2026 02:24
34083f2e-3684-45f5-b356-fd6ee8b4cbfa,sally.coupons,available,5.5,,high,low,5,unstoppable,,,28/09/2026 20:21
4d9b6d15-b176-4769-8e78-c9c57a415259,kurt.coupons,available,5.99,54.99,high,low,4,namesilo,,,25/09/2026 13:27
ce0a7458-4d98-4252-a140-dbab37e92406,holmium.coupons,available,5.99,54.99,medium,low,7,namesilo,,,20/09/2026 23:31
376e1e0b-2114-47ab-916c-f2febcb62d92,sickish.coupons,available,2.98,59.98,low,low,7,namecheap,,,03/09/2026 14:05
73e3ee42-41d0-46e4-8dac-116c89737be8,positional.coupons,available,2.98,59.98,medium,low,10,namecheap,,,09/09/2026 00:06
8ac35bab-e34b-42ac-a608-0bb28ced8049,scandals.coupons,available,5.99,54.99,medium,low,8,namesilo,,,02/10/2026 02:46
b2c34a8e-3d33-4f98-aa02-e789be9e562c,horowitz.coupons,available,2.57,43.77,medium,low,8,porkbun,,,28/09/2026 10:06
172b714f-169e-4309-a8bf-81d70b8cd69b,viennese.coupons,available,2.98,59.98,high,low,8,namecheap,,,13/09/2026 05:30
da7dbdd7-b8a4-4b9e-9a71-d294dd412d09,finer.coupons,available,2.98,59.98,high,low,5,namecheap,,,18/08/2026 04:49
45dd873f-045c-431c-a13f-8d5587dd4a93,idiocy.coupons,available,2.98,59.98,medium,low,6,namecheap,,,18/09/2026 18:58
1d750cd9-540c-49bc-8c48-5e92cb441364,mired.coupons,available,2.98,59.98,medium,low,5,namecheap,,,25/08/2026 01:04
f82a8c17-3c2f-42cb-b67c-88bd3eda0b28,bhutani.coupons,available,2.98,59.98,medium,low,7,namecheap,,,09/08/2026 18:26
4c41eea3-816f-4aea-96cf-62d3620eac9d,expects.coupons,available,2.98,59.98,medium,low,7,namecheap,,,20/09/2026 01:39
3f794d55-4733-442a-8617-2b212d15c633,stuttering.coupons,available,5.5,,medium,low,10,unstoppable,,,02/10/2026 07:31
bd9482fd-409d-4e5c-a0ed-ef280a220682,spills.coupons,available,5.5,,medium,low,6,unstoppable,,,02/10/2026 22:44
bbad2cea-aaa4-4e8d-9407-815df6b3ee3e,deli.coupons,available,2.98,59.98,high,low,4,namecheap,,,24/09/2026 21:37
ba9b62b5-6bdf-4b4b-aea9-6c76f52bcbfc,changeling.coupons,available,2.98,59.98,medium,low,10,namecheap,,,21/08/2026 20:30
a19165cc-1594-4012-b1b4-31e5c2eab42d,toroidal.coupons,available,2.98,59.98,medium,low,8,namecheap,,,11/09/2026 17:55
1dbc9b79-ac34-46c3-8d72-1c916e294b7e,opalescent.coupons,available,2.98,59.98,medium,low,10,namecheap,,,04/09/2026 15:43
72a2e602-4036-4ca9-9711-a2689c69118b,boding.coupons,available,2.98,59.98,medium,low,6,namecheap,,,18/08/2026 11:34
eb4e7be6-194f-404b-8c69-dfe892b22a89,flashback.coupons,available,2.27,43.67,high,low,9,spaceship,,,30/09/2026 17:20
58dcaf81-9579-463d-8af0-31c4c36755e7,metalloid.coupons,available,2.98,59.98,medium,low,9,namecheap,,,24/08/2026 21:37
548f06d9-f0b9-4b3d-be2c-7bf698bc6313,gameplay.coupons,available,5.99,54.99,high,low,8,namesilo,,,30/09/2026 06:08
cf4f3f0a-5f9f-45fc-b07b-4ea0a6852147,explicable.coupons,available,2.98,59.98,medium,low,10,namecheap,,,17/08/2026 18:23
c0175820-e174-4f7f-82b9-598239adac5e,debut.coupons,available,2.98,59.98,high,low,5,namecheap,,,24/09/2026 21:09
014bebff-f6c7-43ab-8a0a-4b0a524f139b,forgetting.coupons,available,2.27,43.67,high,low,10,spaceship,,,01/10/2026 18:31
7496b60d-b28d-404b-8c92-affcc9d76e8d,embossed.coupons,available,2.98,59.98,high,low,8,namecheap,,,11/08/2026 05:17
92e4cbb5-ead9-4594-bfb0-9caffd2b8177,books.coupons,premium,78.54,78.54,high,medium,5,namesilo,,,17/09/2026 07:04
5afbf0a5-5b3c-4e3d-b8ac-d0f09c68203c,for.coupons,resell,,,high,medium,3,Porkbun LLC,16/11/2025 13:06,16/11/2026 13:06,30/09/2026 22:00
41d49f49-9905-42c0-bb08-44065eef6da0,poetical.coupons,available,2.98,59.98,high,low,8,namecheap,,,08/09/2026 22:34
2ac2f3ba-6abd-4646-8a69-5e18078ef635,dividable.coupons,available,2.98,59.98,medium,low,9,namecheap,,,14/08/2026 13:41
09037b88-1d4e-4b9b-9515-2ab90fc6fa56,regulation.coupons,available,2.98,59.98,high,low,10,namecheap,,,09/09/2026 13:07
30f40ae7-69a2-4e10-a543-ec63bc74857f,fugacious.coupons,available,2.98,59.98,medium,low,9,namecheap,,,17/08/2026 10:20
b6346c00-58de-4a98-ac94-455de03b2396,eatery.coupons,available,2.27,43.67,high,low,6,spaceship,,,01/10/2026 02:34
8b1d30b3-6e68-4015-8bd1-f9b546f3ba30,alca.coupons,available,5.99,54.99,high,low,4,namesilo,,,18/09/2026 03:36
e04e7b13-ac70-4119-807c-aaeb9730c552,metropolis.coupons,available,2.27,43.67,high,low,10,spaceship,,,30/09/2026 01:03
84987f5a-af1b-4fe7-b99f-aa6e74a1df54,auditive.coupons,available,2.98,59.98,medium,low,8,namecheap,,,07/08/2026 16:49
8dd58556-3b26-462a-89fa-4ce7b8c0a6e3,unsworn.coupons,available,2.98,59.98,medium,low,7,namecheap,,,12/09/2026 20:53
aff3eaa8-7050-40c1-8d15-9ae007a1e101,stadia.coupons,available,5.99,54.99,high,low,6,namesilo,,,17/09/2026 09:03
92947488-73df-4ffe-9db2-72e5295f9012,aviary.coupons,available,5.99,54.99,high,low,6,namesilo,,,21/09/2026 09:22
27d9b396-7255-4445-b390-67d53b31a1b3,bankable.coupons,available,2.98,59.98,high,low,8,namecheap,,,08/08/2026 13:24
a637ed9f-e741-4cc2-a082-f95c2255f488,inflammatory.coupons,available,5.5,,medium,low,12,unstoppable,,,29/09/2026 21:18
2ed96c14-bf54-4354-80c8-637c004cfe21,hewitt.coupons,available,5.99,54.99,high,low,6,namesilo,,,25/09/2026 15:59
dd8530c9-0bcd-4c13-be4d-7d033c09817a,apologetic.coupons,available,2.98,59.98,medium,low,10,namecheap,,,06/08/2026 02:07
c4b6981c-e3ab-4cf1-8b46-5b051e542020,germanic.coupons,available,2.98,59.98,high,low,8,namecheap,,,18/08/2026 22:46
bf60bab9-96b1-436a-ab8b-7aec2c7f1bb8,scorching.coupons,available,2.98,59.98,high,low,9,namecheap,,,09/09/2026 23:31
2c04d2ce-6558-4c8f-bde1-aaf369d6f1dc,sleeps.coupons,available,42.2,42.2,medium,low,6,cloudflare,,,28/09/2026 13:22
f6d09a2c-1bdf-4944-916e-5797e0701cc5,algerian.coupons,available,2.98,59.98,high,low,8,namecheap,,,
7ebf1c4b-48b9-480e-85ff-0062a52469d7,fuchs.coupons,available,2.57,43.77,medium,low,5,porkbun,,,28/09/2026 14:00
68d2566f-795a-4b79-8f92-ee169100da9e,beating.coupons,available,5.5,,high,low,7,unstoppable,,,28/09/2026 10:26
9615e944-f2e6-4198-b385-151f1c5b958b,bolshevik.coupons,available,2.98,59.98,high,low,9,namecheap,,,10/08/2026 17:50
26de4c87-7b95-404e-ac7d-840d9bfedc54,jumps.coupons,available,3.99,,high,low,5,name.com,,,
95d8aa71-f309-47f5-869f-deedfcd7b8d0,sib.coupons,available,2.98,59.98,medium,low,3,namecheap,,,12/08/2026 15:48
7c27fbf0-6873-49d1-9edb-abdff703633e,fim.coupons,available,42.2,42.2,medium,low,3,cloudflare,,,29/09/2026 21:32
9d3402e1-ce6c-46a4-8cbf-b3743cedbe62,worthy.coupons,available,5.99,54.99,high,low,6,namesilo,,,28/09/2026 11:05
5fc120b8-4e7d-4177-a72b-4e8aa96c45f1,demanding.coupons,available,2.98,59.98,medium,low,9,namecheap,,,14/08/2026 01:06
5f39d1be-b9e7-48e9-a7dd-8d10a1d36199,nazareth.coupons,available,5.99,54.99,medium,low,8,namesilo,,,01/10/2026 03:03
4c933fde-398f-43ce-babf-287c87151125,wakes.coupons,available,5.99,54.99,medium,low,5,namesilo,,,28/09/2026 13:11
789a5395-1749-4769-8c23-30884ecc6db4,informers.coupons,available,2.98,59.98,medium,low,9,namecheap,,,21/09/2026 09:19
ca061996-0634-405f-b0ec-2e52a1dc1787,backhoe.coupons,available,5.99,54.99,medium,low,7,namesilo,,,21/09/2026 15:37
5128ff14-06ac-4e1a-8209-1c680ab64853,observance.coupons,available,2.98,59.98,high,low,10,namecheap,,,12/08/2026 00:35
a1a5c0e2-62f0-478a-af38-3902010c7028,sterile.coupons,available,5.99,54.99,high,low,7,namesilo,,,22/09/2026 09:35
07b8c6f4-6e0c-4f83-8b51-390216c75c37,glossy.coupons,available,2.98,59.98,high,low,6,namecheap,,,11/08/2026 14:10
164967cb-7f98-4e1e-ae9b-c07b9e2b2ddc,earlier.coupons,available,5.99,54.99,high,low,7,namesilo,,,24/09/2026 12:52
1f294c4d-f823-4bea-838c-790fe02b91e2,northerner.coupons,available,2.98,59.98,medium,low,10,namecheap,,,13/09/2026 14:16
6d9f8957-3dc3-441a-bb48-5d078a075919,herrera.coupons,available,42.2,42.2,medium,low,7,cloudflare,,,28/09/2026 04:13
70048703-a7aa-4840-9f84-6d1706e81f52,abcs.coupons,available,5.99,54.99,high,low,4,namesilo,,,16/09/2026 14:38
76125998-1705-4918-95b1-6ed2bb26660c,vertebral.coupons,available,2.98,59.98,medium,low,9,namecheap,,,13/09/2026 04:33
e42b955b-d2f1-445a-8453-a2ede64db6e9,trilled.coupons,available,2.98,59.98,medium,low,7,namecheap,,,09/09/2026 18:19
730035a7-0f31-4b4b-a03d-8d715bbb85e8,ammeter.coupons,available,5.99,54.99,medium,low,7,namesilo,,,18/09/2026 22:00
f7e4f082-194c-49a8-af03-385388893fd3,goodman.coupons,available,2.98,59.98,high,low,7,namecheap,,,23/09/2026 08:16
6a730869-d9ce-44c6-93a8-960ca8180379,endicott.coupons,available,2.27,43.67,medium,low,8,spaceship,,,30/09/2026 01:32
5d7dcee7-8319-47e1-a09e-b5c97d6372da,wales.coupons,premium,68.51,68.51,high,low,5,spaceship,,,29/09/2026 06:12
941fc70c-3cdd-4b32-9346-34598fc0bc13,ismaili.coupons,available,2.98,59.98,high,low,7,namecheap,,,22/08/2026 10:53
b59a87ad-5a1a-4ac9-9c53-40b73c9bb51e,alienation.coupons,available,5.99,54.99,high,low,10,namesilo,,,18/09/2026 07:35
74c62fc0-a0fc-485e-9fe9-4c9c643d7b3d,sinus.coupons,available,5.99,54.99,high,low,5,namesilo,,,30/09/2026 02:53
cd1f0cbe-b5ff-418f-8c01-41225d13cd58,coyotes.coupons,available,5.99,54.99,medium,low,7,namesilo,,,30/09/2026 07:28
07ab4c8a-35fa-427d-a3a8-bf75b46b86ac,ultrasound.coupons,available,2.98,59.98,high,low,10,namecheap,,,29/09/2026 12:08
de22d2f3-5385-41d0-b5da-e6e817ac17ef,splits.coupons,available,5.99,54.99,high,low,6,namesilo,,,20/09/2026 07:59
65dbcd19-00fb-4739-8267-d42d8b24ae81,mosquitoes.coupons,available,5.99,54.99,low,low,10,namesilo,,,18/09/2026 14:22
bdffd068-aebb-4419-b9cc-f866738565c8,eyebrow.coupons,available,2.27,43.67,medium,low,7,spaceship,,,01/10/2026 01:59
405a5b47-68ae-4619-949d-e793af9889e6,flakes.coupons,available,5.5,,medium,low,6,unstoppable,,,30/09/2026 23:20
dc738fe0-70c2-471b-b5e4-62df54e4f0ef,acridid.coupons,available,5.99,54.99,medium,low,7,namesilo,,,17/09/2026 02:59
528e0d91-74fd-4eef-bd49-bc03ef1b56a7,gilman.coupons,available,5.99,54.99,medium,low,6,namesilo,,,28/09/2026 09:22
ce0a5b63-0e93-4462-a910-fbf305cb552d,traced.coupons,available,2.98,59.98,low,low,6,namecheap,,,28/09/2026 13:04
e1d9d44c-3049-4032-a360-c40392c04ff2,latter.coupons,available,2.98,59.98,high,low,6,namecheap,,,25/09/2026 13:08
c2c9d634-abe9-4996-9d81-226e6471ab66,victorious.coupons,available,2.98,59.98,high,low,10,namecheap,,,13/09/2026 05:28
b103595c-1091-4d90-ae6a-a185373f0974,lars.coupons,available,5.5,,high,low,4,unstoppable,,,29/09/2026 09:31
983cdf50-3f45-4af5-a9f9-2f5930be1c13,diode.coupons,available,2.98,59.98,high,low,5,namecheap,,,24/09/2026 20:00
615afd1d-a863-44a6-a6f9-2bfb916c8d2c,cracks.coupons,available,5.5,,low,low,6,unstoppable,,,28/09/2026 13:17
3d824b0e-d650-4031-bd1f-f665052bcdae,fribourg.coupons,available,2.27,43.67,medium,low,8,spaceship,,,02/10/2026 08:24
62995a40-8b84-4730-8cee-8eff33bbadcc,billboard.coupons,available,2.27,43.67,high,low,9,spaceship,,,29/09/2026 02:43
840ba968-2417-4847-95a7-2461cddcfa5a,treasurer.coupons,available,5.99,54.99,high,low,9,namesilo,,,29/09/2026 12:21
e0ec1e78-cd0f-4be6-b976-f0038b5de31a,ramsons.coupons,available,5.99,54.99,medium,low,7,namesilo,,,18/09/2026 11:34
574e61ab-1091-42d2-8c59-4bd6218b080a,magdeburg.coupons,available,2.98,59.98,medium,low,9,namecheap,,,29/09/2026 09:34
d6012e1d-d456-4ffc-baaf-47ba17c7a527,reside.coupons,available,5.99,54.99,high,low,6,namesilo,,,24/09/2026 23:25
e5dd55bb-f243-44d5-8bbb-d80d5f7b186d,uppermost.coupons,available,2.98,59.98,medium,low,9,namecheap,,,11/09/2026 17:48
9cb45e3a-7e09-4783-9cf7-168680128646,slammed.coupons,available,2.27,43.67,medium,low,7,spaceship,,,30/09/2026 03:50
2c151f96-240b-4a87-940d-b442ffc01f30,ratty.coupons,available,2.98,59.98,medium,low,5,namecheap,,,25/08/2026 06:53
c20e3d71-b602-4d0f-a1aa-668306a13721,attrition.coupons,available,2.98,59.98,medium,low,9,namecheap,,,21/09/2026 02:20
50c34fbb-25a3-41f4-a106-f8aa10b42fda,antiquary.coupons,available,2.98,59.98,medium,low,9,namecheap,,,
ef2bfe72-c2e8-4734-9539-7c0648333ae7,grieving.coupons,available,2.98,59.98,medium,low,8,namecheap,,,09/08/2026 15:07
cf64499b-e686-4454-bd6a-a7068ecbe8ba,musically.coupons,available,2.98,59.98,high,low,9,namecheap,,,15/09/2026 15:43
8dc696b8-29fe-4d95-8bff-084730f8e6af,demented.coupons,available,2.98,59.98,medium,low,8,namecheap,,,11/08/2026 01:46
0ee6cdc1-2ab3-4f57-9086-a4bc690357ea,someplace.coupons,available,5.99,54.99,high,low,9,namesilo,,,16/09/2026 04:51
8f24eaa1-5b02-48e8-b994-4d28146cbe59,killer.coupons,available,5.99,54.99,high,low,6,namesilo,,,24/09/2026 13:14
ade8ea5d-12e8-40bf-8efd-dd6f177075f6,policemen.coupons,available,5.5,,medium,low,9,unstoppable,,,28/09/2026 18:03
31973a79-b0dc-41ca-b619-0ca8ecb63f0b,absorption.coupons,available,2.98,59.98,high,low,10,namecheap,,,16/09/2026 18:19
b8fa0446-41e3-41a2-ac2f-49a4fa178289,lupin.coupons,available,2.98,59.98,high,low,5,namecheap,,,24/08/2026 11:41
08bb2951-5a33-4121-a0d1-3fe3bd69922d,limbic.coupons,available,2.98,59.98,medium,low,6,namecheap,,,23/08/2026 11:49
1d9d8314-35d0-4395-86c1-bfb712a449e9,selfaware.coupons,available,2.98,59.98,medium,low,10,namecheap,,,10/09/2026 02:00
9e1e3631-84a2-4904-92d8-60a95f78f25b,alluring.coupons,available,5.99,54.99,high,low,8,namesilo,,,22/09/2026 01:34
9f511313-490c-4ef4-bb34-4e812ffa9da2,subtropic.coupons,available,2.98,59.98,medium,low,9,namecheap,,,10/09/2026 03:34
259e27d0-62d3-4c4b-a0e7-86dbf407aee8,enrico.coupons,available,2.27,43.67,medium,low,6,spaceship,,,28/09/2026 13:31
ceaeb9e7-378f-43f1-a826-ac6f9de53a83,organs.coupons,available,5.5,,high,low,6,unstoppable,,,30/09/2026 06:14
be4d1f5d-07a5-4273-aa40-cace89a68ee7,temp.coupons,available,2.98,59.98,high,low,4,namecheap,,,11/09/2026 11:02
d1e5f796-0417-48fc-9eda-4a68a876725d,vocally.coupons,available,5.99,54.99,medium,low,7,namesilo,,,16/09/2026 11:07
3208e5c8-7dac-4a1f-b581-d4a88ce7ad73,awakening.coupons,available,5.5,,high,low,9,unstoppable,,,28/09/2026 23:36
25f9238c-ed0d-494b-888c-6fb60dc8eeb5,nerd.coupons,available,2.27,43.67,high,medium,4,spaceship,,,29/09/2026 17:17
4860b779-3dd0-4c99-beac-f0957e7b303e,packages.coupons,available,5.99,54.99,high,low,8,namesilo,,,19/09/2026 00:23
f1a07242-7a06-4027-b667-d7ac51be7e03,transports.coupons,available,5.99,54.99,medium,low,10,namesilo,,,20/09/2026 13:26
49a20aa7-375f-475f-9e11-6dcd25d08b10,vexation.coupons,available,2.98,59.98,medium,low,8,namecheap,,,
3daac85b-50d9-48db-afd2-5ec126d1d796,myotonic.coupons,available,2.98,59.98,medium,low,8,namecheap,,,03/09/2026 12:15
05e77bd3-f171-4078-ba82-ce5bb9364e0a,notifies.coupons,available,5.99,54.99,medium,low,8,namesilo,,,18/09/2026 08:35
9e207364-ed70-4913-8387-2d8e1d608fd2,duodecimal.coupons,available,2.98,59.98,medium,low,10,namecheap,,,14/08/2026 21:19
577de730-2d4c-4081-b26f-74740458d9f3,doob.coupons,available,2.98,59.98,medium,low,4,namecheap,,,21/09/2026 18:37
2dbc536c-6a20-4b45-9e89-3df70974618a,corte.coupons,available,5.5,,medium,low,5,unstoppable,,,02/10/2026 10:36
0bfe9816-0e3a-463b-b885-175a7ee71288,bailee.coupons,available,2.98,59.98,medium,low,6,namecheap,,,21/09/2026 19:04
ed0f68a5-c0f8-48fa-b865-a7eb28b78662,barrie.coupons,available,5.99,54.99,medium,low,6,namesilo,,,22/09/2026 08:37
7b4cdf20-23f6-4023-99a8-cf1eb39696e7,tactic.coupons,available,5.5,,high,low,6,unstoppable,,,29/09/2026 07:31
5a45962c-ec74-4fc2-94d2-b7d188e977d7,installment.coupons,available,2.98,59.98,high,low,11,namecheap,,,30/09/2026 19:52
fde81425-f9a5-4c54-9b27-2ef93d35a5ef,randomly.coupons,available,2.98,59.98,high,low,8,namecheap,,,13/09/2026 20:35
4a774eaf-1cf4-47c4-b7f8-00300f9dae21,hovering.coupons,available,2.98,59.98,high,low,8,namecheap,,,30/09/2026 07:20
747f7a6c-ec10-4990-927d-72346e1169fe,seepage.coupons,available,2.98,59.98,medium,low,7,namecheap,,,04/09/2026 15:38
46eff2c9-8539-439e-9a2c-1610d9130707,mules.coupons,available,5.5,,high,low,5,unstoppable,,,29/09/2026 21:20
82502fbd-75f0-4647-8e3a-a81456270e8d,nothing.coupons,available,2.98,59.98,high,low,7,namecheap,,,25/09/2026 23:27
eb539e2e-1647-43a5-81c3-26faacfc701b,fiscal.coupons,available,5.99,54.99,high,low,6,namesilo,,,19/09/2026 10:22
88774bb5-851c-4b23-8250-c236ac1596f9,broaden.coupons,available,42.2,42.2,high,low,7,cloudflare,,,30/09/2026 16:22
f8a1191a-06a1-4b4e-84bd-bb9f305c9b53,mccartney.coupons,available,2.98,59.98,medium,low,9,namecheap,,,28/09/2026 06:23
63a63a38-81cb-4e0e-91ff-d48c8e6c448d,laudable.coupons,available,2.98,59.98,medium,low,8,namecheap,,,06/08/2026 07:01
dc02487c-94a7-441e-a085-39c5d4e8c6e5,stormy.coupons,available,5.99,54.99,medium,low,6,namesilo,,,28/09/2026 01:11
a128ab14-47e8-401b-aa72-28d3964f2b44,contrast.coupons,available,42.2,42.2,high,low,8,cloudflare,,,29/09/2026 11:28
66682aa8-09df-42d3-9dcf-d4f3f9807ff7,ardeb.coupons,available,2.98,59.98,medium,low,5,namecheap,,,20/09/2026 03:06
48fb8910-75e6-40e0-8aea-36a891ec6fef,fitness.coupons,premium,1040,1040,high,low,7,namecheap,,,02/10/2026 10:26
6427b952-ede5-478b-84ca-a646b81570b1,themes.coupons,available,2.27,43.67,medium,low,6,spaceship,,,30/09/2026 06:34
5a782939-857d-453d-9e0f-1a4d5d7e61ce,cong.coupons,available,42.2,42.2,high,low,4,cloudflare,,,01/10/2026 07:59
4fb1aa69-e8fb-49e3-9da0-cd6a48d82dcf,invariant.coupons,available,2.98,59.98,high,low,9,namecheap,,,12/08/2026 22:54
a873e381-90a7-4d59-a9ec-af190204d0f3,degrading.coupons,available,3.99,71.99,medium,low,9,name.com,,,13/08/2026 20:10
a72ffa67-7699-4687-956f-b9b553711945,illumine.coupons,available,2.98,59.98,high,low,8,namecheap,,,08/09/2026 04:54
48e9e73e-dfde-4d86-be0a-972bf6945f68,lent.coupons,available,5.5,,high,low,4,unstoppable,,,28/09/2026 14:42
f98b3edf-69bc-4388-9aab-a71db68afc99,patience.coupons,available,5.99,54.99,high,low,8,namesilo,,,25/09/2026 06:07
61ae7daf-9711-4eb9-87a4-e648d398af9d,armchair.coupons,available,5.99,54.99,high,low,8,namesilo,,,20/09/2026 06:33
85ed80ee-36d1-4f12-9a8a-4dffcfff386d,experts.coupons,available,2.27,43.67,high,low,7,spaceship,,,28/09/2026 04:32
81084d5c-ef30-4984-8b9d-b80c92b3f253,arrows.coupons,available,5.99,54.99,medium,low,6,namesilo,,,17/09/2026 06:24
595270ad-039e-468b-80c0-8a84bbc60fd8,hasan.coupons,available,2.27,43.67,medium,low,5,spaceship,,,02/10/2026 22:04
0b9677a4-9dcc-4014-8e9d-99ebd3468a48,gary.coupons,available,5.99,54.99,high,low,4,namesilo,,,25/09/2026 06:21
950d0fd4-5347-4969-b962-7cdd599a8d7b,overland.coupons,available,2.98,59.98,high,low,8,namecheap,,,04/09/2026 20:56
819f7406-ee55-4c7b-a858-7105f67ec35a,pga.coupons,available,2.27,43.67,high,low,3,spaceship,,,28/09/2026 07:12
312c528e-7199-44b2-bf2a-3f54fdbdb428,itching.coupons,available,5.99,54.99,medium,low,7,namesilo,,,30/09/2026 02:03
f05e885b-02cb-4273-949d-fd876c408605,marvell.coupons,available,2.98,59.98,high,low,7,namecheap,,,19/09/2026 04:47
a33081f1-f912-4273-8f6b-2654bf782997,zanesville.coupons,available,2.27,43.67,medium,low,10,spaceship,,,02/10/2026 10:06
a72b16dd-c9e3-4a41-9843-3fd8ffea967d,cashier.coupons,available,5.99,54.99,high,low,7,namesilo,,,22/09/2026 02:24
2700a99c-1278-44c7-bb51-a0c2508b5128,finch.coupons,available,2.27,43.67,high,low,5,spaceship,,,29/09/2026 06:55
bdde0add-efd7-48e5-be78-ba061ba5f344,sibylline.coupons,available,2.98,59.98,medium,low,9,namecheap,,,11/08/2026 12:20
d4dcf424-ade0-48e1-8dc4-ccfe47ee8c01,allmouth.coupons,available,5.99,54.99,medium,low,8,namesilo,,,18/09/2026 11:45
36d6bdef-d2c3-4883-b129-23f0d33d5049,exergonic.coupons,available,2.98,59.98,medium,low,9,namecheap,,,17/08/2026 17:06
dc6d6edc-afc8-441e-bd34-5e2e131a97be,neotenous.coupons,available,2.98,59.98,medium,low,9,namecheap,,,03/09/2026 15:33
69cd6d29-e77a-4504-b07d-d40d4aca69fd,timetable.coupons,available,2.5,45.16,high,low,9,dynadot,,,28/09/2026 20:39
1b4bba63-3f5b-4f3d-bc2f-88ab33866a34,rice.coupons,available,2.27,43.67,high,low,4,spaceship,,,02/10/2026 10:28
e3857a14-cf87-430c-89cc-2fedc772202b,errol.coupons,available,5.99,54.99,medium,low,5,namesilo,,,30/09/2026 12:54
9f61ad95-222a-4f20-ad5c-2005e2bc8533,gabonese.coupons,available,2.98,59.98,medium,low,8,namecheap,,,18/08/2026 19:24
e6deb3f2-ce5f-4eff-b1a8-a584135a22f9,poached.coupons,available,2.98,59.98,medium,low,7,namecheap,,,10/08/2026 17:34
511ed2dc-333d-4f26-bed0-21758e3be5ca,ipswich.coupons,available,2.5,45.16,high,low,7,dynadot,,,27/09/2026 19:23
fb38f99a-f1c5-4645-a33a-8a62d0657d9a,sweatshop.coupons,available,3.99,,medium,low,10,name.com,,,
2bcd710f-b39c-485c-9720-1b71d997ea6a,emulate.coupons,available,2.5,45.16,high,low,7,dynadot,,,01/10/2026 04:12
b8098b31-0a2d-4bcb-8a66-39f235783462,beirut.coupons,available,2.98,59.98,high,low,6,namecheap,,,22/09/2026 18:14
613b4c07-48e8-45d7-acff-711ab7be8cbd,discreet.coupons,available,2.98,59.98,high,low,8,namecheap,,,12/08/2026 08:23
f8d79f38-5557-4d3a-a6ce-316305f04701,catclaw.coupons,available,5.99,54.99,medium,low,7,namesilo,,,23/09/2026 23:59
e2a67b57-ee9e-4068-9e50-091c4b01a381,gaba.coupons,available,5.99,54.99,high,low,4,namesilo,,,29/09/2026 12:26
ec4a1c44-1e53-41c0-bd11-d81b6a324034,prereq.coupons,available,2.5,45.16,high,low,6,dynadot,,,30/09/2026 20:25
b3ba90b3-20e0-4472-a89f-513c3fe404ad,protection.coupons,available,5.99,54.99,high,low,10,namesilo,,,19/09/2026 09:47
902864ca-63e5-4916-b3b6-204724469349,woman.coupons,available,42.2,42.2,high,low,5,cloudflare,,,28/09/2026 18:54
d83d4b29-b0cc-4fbf-90fa-2ae4c190f389,dementia.coupons,available,3.99,71.99,high,low,8,name.com,,,24/09/2026 21:47
5399f887-ad29-4b16-90f4-015043ee5861,plead.coupons,available,2.27,43.67,high,low,5,spaceship,,,28/09/2026 15:36
c274d75b-2a8e-4e07-b4ae-331e3d9babfa,naacp.coupons,available,5.99,54.99,medium,low,5,namesilo,,,25/09/2026 13:20
cb828434-cf3b-4802-a6d7-b40b274f799e,harley.coupons,available,5.99,54.99,high,low,6,namesilo,,,25/09/2026 12:17
f0cbc3d7-a79c-4a42-8f02-127b6d913ea7,rebuild.coupons,available,42.2,42.2,high,low,7,cloudflare,,,28/09/2026 06:58
7c4ddfe9-0d57-4de5-ad88-5c3da7080759,savings.coupons,premium,828.2,828.2,high,low,7,spaceship,,,02/10/2026 01:13
9f498c00-2a33-4d6f-99ee-1417c0284921,anthidium.coupons,available,2.98,59.98,medium,low,9,namecheap,,,19/09/2026 13:22
ba8a28eb-02b3-4b67-98e8-2942c41a0fe5,ghosts.coupons,available,5.99,54.99,medium,low,6,namesilo,,,18/09/2026 22:14
8c650cee-738c-4a6e-9826-74931cf1fe10,pluck.coupons,available,42.2,42.2,high,low,5,cloudflare,,,01/10/2026 19:35
2a0e3e01-da7a-45b2-9b58-0fde0ec57a1b,someone.coupons,available,5.99,54.99,high,low,7,namesilo,,,25/09/2026 09:13
85e7424a-6cc9-4836-94dc-76dfb6a52df0,gallaudet.coupons,available,5.99,54.99,medium,low,9,namesilo,,,02/10/2026 15:23
2ad91eab-8d09-4c86-9eb7-77f84d83e6d7,malone.coupons,available,5.99,54.99,high,low,6,namesilo,,,25/09/2026 05:13
30df65d8-d455-4bbd-97d1-cda7fd3edb41,centenary.coupons,available,2.98,59.98,high,low,9,namecheap,,,11/08/2026 23:54
5405c0a9-48a2-426d-9006-ff890b59aa55,arras.coupons,available,5.99,54.99,medium,low,5,namesilo,,,20/09/2026 08:49
7919a04e-d56a-44ce-bcf3-d9fee2c519cd,markovian.coupons,available,2.98,59.98,medium,low,9,namecheap,,,24/08/2026 16:06
d16af807-a29e-4de5-b867-0dd6e59d2cc8,floss.coupons,available,5.99,54.99,high,low,5,namesilo,,,24/09/2026 21:54
bf91035f-6d48-499d-9bf6-910995c51e19,abuser.coupons,available,2.98,59.98,medium,low,6,namecheap,,,16/09/2026 19:17
028c6f11-4955-47aa-8130-698266874dcc,transmitting.coupons,available,2.98,59.98,medium,low,12,namecheap,,,29/09/2026 10:14
9de96a75-a280-445c-8ef1-a424c092f7f1,overview.coupons,available,5.5,,high,low,8,unstoppable,,,30/09/2026 02:27
11718af5-6277-4bf5-bd4a-be99b50ce28c,zorn.coupons,available,5.5,,medium,low,4,unstoppable,,,02/10/2026 19:20
258f69f1-cbf5-4bf1-8eba-7719f7c87e0c,circadian.coupons,available,2.98,59.98,high,low,9,namecheap,,,12/08/2026 08:17
398e0976-c8a9-45ed-a765-1c4ae80916d6,scalene.coupons,available,2.98,59.98,medium,low,7,namecheap,,,09/09/2026 22:25
7631026e-a958-4ec5-9e66-e892c9702dec,depict.coupons,available,2.27,43.67,high,low,6,spaceship,,,30/09/2026 19:11
d7aab9d7-bdd8-4196-b12a-9beed97eda27,germaine.coupons,available,2.57,43.77,medium,low,8,porkbun,,,01/10/2026 08:33
b4e4085d-7f11-45d0-b692-0cb00e5a1b34,cognitive.coupons,available,2.98,59.98,high,low,9,namecheap,,,12/08/2026 15:58
9cc3b0bc-6333-43f7-94d1-c5563496f74c,rape.coupons,available,5.99,54.99,high,low,4,namesilo,,,24/09/2026 08:17
c2899d80-385e-4936-b4ca-3ea2d4a26923,nature.coupons,available,2.98,59.98,high,low,6,namecheap,,,08/09/2026 02:43
43229832-d45e-4ef8-8df5-b182755d9451,methods.coupons,available,2.27,43.67,medium,low,7,spaceship,,,28/09/2026 04:33
ab2322ed-6d27-41fc-865a-3d89af36a68d,anile.coupons,available,2.98,59.98,medium,low,5,namecheap,,,
a26c3f40-69b9-4715-a1cb-c20ae361d632,polite.coupons,available,2.98,59.98,high,low,6,namecheap,,,13/08/2026 10:21
757c6df0-185c-4efb-ace7-6cea2ade4dc2,herzegovina.coupons,available,5.99,54.99,medium,low,11,namesilo,,,27/09/2026 18:47
899d34a3-e10a-4080-b184-91b1599234db,bagged.coupons,available,2.27,43.67,medium,low,6,spaceship,,,01/10/2026 17:21
b48a1f91-33ae-49db-b411-9f41ddfb428a,essence.coupons,available,5.99,54.99,high,low,7,namesilo,,,03/10/2026 04:03
54357c58-9e66-4156-a079-20d2bb8b440e,dying.coupons,available,2.98,59.98,high,low,5,namecheap,,,24/09/2026 12:37
2fa8adea-94a0-4ad1-ba4a-b4a2a7d2d6b6,fluids.coupons,available,42.2,42.2,medium,low,6,cloudflare,,,28/09/2026 17:17
760658f6-02f8-4c9d-9ebf-49bdbfa0d71f,project.coupons,available,5.5,54.99,high,medium,7,unstoppable,,,01/10/2026 17:40
3bb087ec-8497-4a76-9623-a498208bc739,susa.coupons,available,5.99,54.99,medium,low,4,namesilo,,,02/10/2026 06:27
7ffaab71-a400-4f5e-befa-5f67f0bb933f,greek.coupons,premium,78.54,78.54,high,low,5,namesilo,,,08/09/2026 07:29
d657aaa4-16be-4e24-a049-b80e04e7c9a0,doctorial.coupons,available,2.98,59.98,medium,low,9,namecheap,,,14/08/2026 14:21
93886bec-3413-45e2-b26c-bdaaf179acea,basic.coupons,available,2.98,59.98,high,low,5,namecheap,,,22/09/2026 17:57
5b8fee1e-8df7-4dc7-9d27-ad8ad6e8ca98,nikola.coupons,available,5.99,54.99,high,low,6,namesilo,,,29/09/2026 22:11
9fb95622-286e-4c42-bd9d-f426ba11870e,calais.coupons,available,42.2,42.2,high,low,6,cloudflare,,,02/10/2026 23:47
704d4766-ba6d-4333-9b65-0801b4de1854,cacomistle.coupons,available,5.99,54.99,medium,low,10,namesilo,,,22/09/2026 12:02
fca11617-80b8-4190-8b2d-9e2af8d53146,flaunt.coupons,available,2.98,59.98,high,low,6,namecheap,,,11/09/2026 05:17
246f1156-6d71-41ad-93fb-442546597e8d,cattish.coupons,available,2.98,59.98,medium,low,7,namecheap,,,10/08/2026 07:28
397c4d02-b9ba-4371-ade8-9c7e3a473b7f,backstay.coupons,available,5.99,54.99,medium,low,8,namesilo,,,21/09/2026 16:03
e71b33dd-3c11-452a-bad2-703cddf3758a,brutal.coupons,available,2.98,59.98,medium,low,6,namecheap,,,08/08/2026 15:45
bb7811df-60ae-464b-ba98-6a36f94503dc,barracuda.coupons,available,5.99,54.99,high,low,9,namesilo,,,22/09/2026 07:54
401349a4-c9b9-4d30-9a6d-54769cb8e046,coddle.coupons,available,5.99,54.99,high,low,6,namesilo,,,21/09/2026 13:03
9b83bb3a-97e4-4957-be80-f0de57dad444,northman.coupons,available,2.98,59.98,medium,low,8,namecheap,,,03/09/2026 21:21
bf74c689-5e5d-4faf-8126-bde6f6d55cdb,energies.coupons,available,42.2,42.2,medium,low,8,cloudflare,,,30/09/2026 06:48
42088b88-5913-416e-8eae-bc5bf5a9a863,beguiled.coupons,available,2.98,59.98,medium,low,8,namecheap,,,09/08/2026 09:46
8e2df685-b288-4c1b-8570-2c0c83e065e1,ccd.coupons,available,2.98,59.98,high,low,3,namecheap,,,29/09/2026 04:56
81f58aa4-6f4b-467b-9b74-64a73b0aa63b,effete.coupons,available,2.98,59.98,medium,low,6,namecheap,,,13/08/2026 20:52
dd360a24-14c9-4e08-82c2-e6bb354c44d2,hwy.coupons,available,5.99,54.99,medium,low,3,namesilo,,,29/09/2026 05:03
6edd2dd4-5d24-4b6a-b197-0c82cc21914d,decayable.coupons,available,2.98,59.98,low,low,9,namecheap,,,13/08/2026 20:54
9a3edbd5-eda2-4e9f-a6c1-89425500a235,aplitic.coupons,available,2.98,59.98,medium,low,7,namecheap,,,06/08/2026 00:35
bba3a5e3-fffc-4630-8552-23b49de93fea,translucent.coupons,available,2.27,43.67,high,low,11,spaceship,,,01/10/2026 22:29
39b79c7a-e4ef-49d8-bc8f-502ca6afbaa7,networking.coupons,available,5.5,,high,low,10,unstoppable,,,30/09/2026 05:49
d3c231a8-c594-4b55-bade-0c92e60761c6,sensory.coupons,available,42.2,42.2,high,low,7,cloudflare,,,27/09/2026 20:08
f5bb28d9-0e2b-418a-b247-0e905c3c9d48,curricular.coupons,available,2.98,59.98,medium,low,10,namecheap,,,13/08/2026 11:29
66aca4e7-d4a3-4b80-99ab-619f16fee549,utterly.coupons,available,2.27,43.67,medium,low,7,spaceship,,,28/09/2026 11:39
02af4948-f412-4fb9-9483-79ddef07e0a5,apocynum.coupons,available,2.98,59.98,medium,low,8,namecheap,,,19/09/2026 18:15
67f6a6a1-d66f-4833-bdb7-e4cae2ea1846,pictures.coupons,available,5.5,59.98,high,low,8,unstoppable,,,29/09/2026 19:18
5789b98f-d477-41e3-acda-059c3a5198fb,madness.coupons,available,5.99,54.99,high,low,7,namesilo,,,27/09/2026 04:07
9a809222-dd6d-47c1-92ad-fe6e16334eb2,aengus.coupons,available,5.99,54.99,medium,low,6,namesilo,,,17/09/2026 12:29
92e25f37-73c3-45cb-80b2-2f7b971c67c5,supine.coupons,available,2.98,59.98,medium,low,6,namecheap,,,09/09/2026 15:27
e1e50520-3015-417a-8697-ec7c511f7658,scientists.coupons,available,5.99,54.99,medium,low,10,namesilo,,,27/09/2026 11:19
fcd82350-8c8a-4d52-9828-ba9b1751ae04,bifacial.coupons,available,2.98,59.98,medium,low,8,namecheap,,,09/08/2026 19:57
936c2920-a0d3-473a-b471-fc60853c2090,allsorts.coupons,available,2.98,59.98,low,low,9,namecheap,,,16/09/2026 05:53
85bf0e98-73ce-4860-96c0-019e6ae65151,extraneous.coupons,available,2.98,59.98,medium,low,10,namecheap,,,17/08/2026 19:20
a8aa0923-cc59-49c8-8dde-63aa0cdfd405,euro.coupons,premium,207.2,207.2,high,low,4,spaceship,,,30/09/2026 17:14
8eb7b2ce-b45b-41a7-b238-7d0823aa7421,calcutta.coupons,available,5.5,,high,low,8,unstoppable,,,30/09/2026 00:56
874e1440-c660-4d4e-85dc-f18b2e0f1954,honeyed.coupons,available,2.98,59.98,medium,low,7,namecheap,,,21/08/2026 13:23
57b2c5e6-aefb-468d-9a49-fdc0bb4cda71,formative.coupons,available,2.98,59.98,high,low,9,namecheap,,,18/08/2026 12:07
63628baa-450e-4ed7-b866-56acda24cead,unleaded.coupons,available,2.98,59.98,high,low,8,namecheap,,,22/08/2026 21:46
c1bc9b27-1796-449a-9e2a-481b77bcc81f,osbourne.coupons,available,5.5,,medium,low,8,unstoppable,,,02/10/2026 09:54
9e7c218b-76fc-4085-a1fc-8ba4d5c7b540,obedient.coupons,available,2.98,59.98,high,low,8,namecheap,,,03/09/2026 23:30
a259f973-fae8-4194-80ea-6f4883088c3c,fundamentally.coupons,available,5.5,,medium,low,13,unstoppable,,,29/09/2026 20:57
b188a089-6f3a-4b84-a7e3-228c6d663c53,throttle.coupons,available,5.99,54.99,high,low,8,namesilo,,,16/09/2026 21:47
3e5a19b0-aacf-48da-9194-67718f8f5782,knuckle.coupons,available,42.2,42.2,high,low,7,cloudflare,,,02/10/2026 05:33
b8909751-9657-4329-af40-b66dc43dc1ff,mri.coupons,available,5.99,54.99,high,low,3,namesilo,,,25/09/2026 23:30
f2cbc50a-7462-4648-9579-cef3dcf97d39,antipodean.coupons,available,2.98,59.98,medium,low,10,namecheap,,,
26b9bfc0-b435-46ea-9ef8-e82378005b11,robert.coupons,available,5.99,54.99,high,low,6,namesilo,,,25/09/2026 07:17
f2cba5a6-e151-4748-a40c-e8320ba6295f,allograph.coupons,available,5.99,54.99,medium,low,9,namesilo,,,18/09/2026 11:54
2d70a038-1355-421c-9a1b-ec2c315cfbb4,lovingly.coupons,available,2.98,59.98,high,low,8,namecheap,,,14/09/2026 19:14
1f8a3641-2395-4222-ad48-6d308150cfd4,eyed.coupons,available,2.98,59.98,high,low,4,namecheap,,,17/08/2026 20:00
9ebfd9e1-04bd-4cc6-a8ba-d1bd12daebea,nightmare.coupons,available,2.27,43.67,high,low,9,spaceship,,,30/09/2026 05:45
14771b60-8cb5-4eed-a509-73765df7b50b,rectangular.coupons,available,5.99,54.99,high,low,11,namesilo,,,30/09/2026 06:01
e8d9ca99-e556-4373-b5d9-de343490723c,embryos.coupons,available,5.99,54.99,medium,low,7,namesilo,,,02/10/2026 22:30
28e97b7e-71fe-4ad6-ab22-3b86a8bf60ca,photographic.coupons,available,2.27,43.67,high,low,12,spaceship,,,28/09/2026 21:08
34501670-b9a0-4e2e-8baf-ba8355061a4c,dino.coupons,available,2.98,59.98,high,low,4,namecheap,,,28/09/2026 20:55
f8b6343e-c66c-4d77-a0e0-980eb2ebe577,urs.coupons,available,5.99,54.99,medium,low,3,namesilo,,,01/10/2026 22:48
22a337b8-8926-4ef9-9009-550c997099f8,yttrium.coupons,available,5.99,54.99,medium,low,7,namesilo,,,20/09/2026 23:00
7a19c8ec-facc-48e7-ac5e-1766e55dadfb,parvenue.coupons,available,2.98,59.98,medium,low,8,namecheap,,,03/09/2026 22:16
8644bcc6-38fa-4271-91d4-feac07cc25b7,surmise.coupons,available,2.98,59.98,high,low,7,namecheap,,,11/09/2026 04:51
c33a87d4-4b58-4af1-94fc-e901453fae36,citadel.coupons,available,5.99,54.99,high,medium,7,namesilo,,,03/10/2026 00:03
c2f1ff9e-be90-46fd-a227-8a20608803e0,lancaster.coupons,available,2.27,43.67,high,low,9,spaceship,,,29/09/2026 19:11
24fcf8b8-2fb4-4549-8e65-7be593a471ba,scruples.coupons,available,5.99,54.99,high,low,8,namesilo,,,24/09/2026 17:26
619ea11b-36aa-44f4-9d81-fb7bc38b03a5,jog.coupons,available,2.98,59.98,high,low,3,namecheap,,,30/09/2026 17:44
c38741e0-a3c2-48c9-92d4-944442f9db24,mythologic.coupons,available,2.98,59.98,medium,low,10,namecheap,,,03/09/2026 12:33
77989e47-7872-418c-9242-0d5b15392571,beanie.coupons,available,2.98,59.98,high,low,6,namecheap,,,22/09/2026 20:31
e062747b-8600-4324-95c2-2508cd42b87d,steadied.coupons,available,2.98,59.98,medium,low,8,namecheap,,,10/09/2026 19:30
2e3f103e-0b2a-4778-a9a3-55a5f7f68ee8,nonmetric.coupons,available,2.98,59.98,medium,low,10,namecheap,,,03/09/2026 18:30
05d6d5b5-f7ed-42ea-a4b8-a75e05bff84c,slc.coupons,available,42.2,42.2,high,low,3,cloudflare,,,30/09/2026 20:32
ad3042a8-9168-437c-a042-f61f2782b975,strife.coupons,available,5.99,54.99,high,low,6,namesilo,,,24/09/2026 22:33
d9772620-bd37-469d-a9f0-43fa35511de1,lectures.coupons,available,2.27,43.67,low,low,8,spaceship,,,29/09/2026 05:25
2ad210ed-8204-41c8-a48d-15bc569129a1,limitation.coupons,available,2.27,43.67,high,low,10,spaceship,,,30/09/2026 03:01
0313e540-dcf7-4ed1-b550-64cbceddd7b6,specks.coupons,available,5.99,54.99,medium,low,6,namesilo,,,20/09/2026 10:46
f3cf1ed3-7c19-4df6-bb94-b934165675ec,preferably.coupons,available,2.98,59.98,high,low,10,namecheap,,,15/09/2026 21:14
ec252242-2037-40eb-b0d4-c464075a1b2c,there.coupons,available,5.5,,high,low,5,unstoppable,,,28/09/2026 12:57
c59de9c8-6b4e-41c4-989a-4df8cd0bd977,devoted.coupons,available,5.99,54.99,high,low,7,namesilo,,,24/09/2026 08:04
4a366c4c-a3be-45bf-8c16-b39bff394c61,sarkar.coupons,available,2.27,43.67,medium,low,6,spaceship,,,01/10/2026 23:28
c00d1bcf-50ee-4b6e-a4bd-86fa40f46b0a,hutch.coupons,available,5.99,54.99,high,low,5,namesilo,,,03/10/2026 01:14
6f1903da-56f6-4ee5-8319-5b9af5ad26e4,twaddle.coupons,available,5.99,54.99,medium,low,7,namesilo,,,21/09/2026 23:55
4937f938-3d3d-46e8-a963-5225c5b91569,hezbollah.coupons,available,2.27,43.67,medium,low,9,spaceship,,,29/09/2026 07:16
a2d76584-2fcd-4d3d-afbe-3b6fc9612123,swagger.coupons,available,2.98,59.98,high,low,7,namecheap,,,11/09/2026 04:59
e176855b-6b5e-42a4-838e-1ca6bdf4638a,adela.coupons,available,42.2,42.2,medium,low,5,cloudflare,,,02/10/2026 09:08
b9e0eff3-7088-4e1d-a50d-f90052cb2c0e,anyway.coupons,available,5.5,42.2,high,low,6,unstoppable,,,28/09/2026 12:17
fc86cdea-6fad-4a16-b1d9-1fcd2a5914ee,hubei.coupons,available,2.57,43.77,medium,low,5,porkbun,,,30/09/2026 13:23
c0450695-e3e3-45fe-8b6b-ddd9c6a439a8,governmental.coupons,available,5.99,54.99,medium,low,12,namesilo,,,01/10/2026 22:31
1cf61b73-6f6d-4420-8f88-4c97406708c5,reindeer.coupons,available,42.2,42.2,high,low,8,cloudflare,,,29/09/2026 06:16
ce35d200-2304-4dca-a11a-4021e855ed23,swirl.coupons,available,42.2,42.2,high,low,5,cloudflare,,,02/10/2026 04:27
66dc105b-a21d-4f63-a624-0db48b7f222c,adolf.coupons,available,2.27,43.67,medium,low,5,spaceship,,,29/09/2026 23:45
2f7dcaa2-1502-4457-a856-d04b982d563a,alcahest.coupons,available,2.98,59.98,medium,low,8,namecheap,,,18/09/2026 03:43
94c2a23f-e4d9-4452-82b5-714a8ff98795,bestowed.coupons,available,5.99,54.99,medium,low,8,namesilo,,,30/09/2026 14:44
49bbf7fb-db7a-4cfb-8ae3-3d7057e91e2c,champions.coupons,available,2.27,43.67,high,low,9,spaceship,,,28/09/2026 13:32
7862ba41-4181-465d-8c50-50270bec9be6,seminar.coupons,available,5.99,54.99,high,low,7,namesilo,,,28/09/2026 06:44
732416f0-5491-4f55-a7fe-e53308e9a44f,althaea.coupons,available,5.99,54.99,medium,low,7,namesilo,,,18/09/2026 14:53
e81229cd-b1d8-4fe8-b76e-97f13a179b81,darkly.coupons,available,2.98,59.98,medium,low,6,namecheap,,,14/09/2026 10:39
49b9ca8c-5a78-4eba-adfe-47a99ac9bfd5,paralyzed.coupons,available,2.98,59.98,medium,low,9,namecheap,,,08/09/2026 01:29
50c5ade0-3684-4563-9a4d-08fc2d204939,sise.coupons,available,2.98,59.98,medium,low,4,namecheap,,,
57779748-c55d-412a-a101-aacafef57998,galbraith.coupons,available,2.98,59.98,medium,low,9,namecheap,,,29/09/2026 07:01
a84f6532-8715-4fc4-b930-6db90d962f10,merciful.coupons,available,2.98,59.98,high,low,8,namecheap,,,24/08/2026 20:34
a5f069c0-8f20-4290-9cc3-fe54f56f759e,bangs.coupons,available,5.99,54.99,medium,low,5,namesilo,,,16/09/2026 16:40
6ca8b21c-43f3-4f82-89df-ca0c3f540374,vomit.coupons,available,2.98,59.98,high,medium,5,namecheap,,,10/09/2026 07:32
59b6007c-dd23-4da1-a9a2-3649a781922b,wakeless.coupons,available,2.98,59.98,low,low,8,namecheap,,,13/09/2026 07:45
0b4b2b36-a260-47b5-8e78-51f51e724070,genetic.coupons,available,2.98,59.98,high,low,7,namecheap,,,18/08/2026 21:31
52a0e930-3ee3-465c-b25b-7acc3a488388,dark.coupons,available,5.99,54.99,high,medium,4,namesilo,,,24/09/2026 04:29
25536967-58e1-4236-8d71-ec55bfc7aa49,ste.coupons,available,5.99,54.99,high,low,3,namesilo,,,27/09/2026 07:49
beebb8c7-7c7c-44be-aa67-19397e452b47,hose.coupons,available,5.99,54.99,medium,low,4,namesilo,,,28/09/2026 14:27
d2298a83-3eb5-40cf-9f67-c4f976645ec1,carmichael.coupons,available,5.99,54.99,high,low,10,namesilo,,,28/09/2026 02:01
78d986b1-dc1d-4c31-a7d9-756a43bcc730,pornography.coupons,available,42.2,42.2,medium,low,11,cloudflare,,,28/09/2026 12:37
df709c9b-2ecf-450d-b02a-980cf54b338d,addax.coupons,available,5.99,54.99,medium,low,5,namesilo,,,17/09/2026 06:40
82e8ed25-f835-47fd-ac9a-2eae96f9cde3,inundated.coupons,available,2.98,59.98,medium,low,9,namecheap,,,08/08/2026 00:29
bbd9b80d-829e-4af7-8abb-a81c2ee52276,celeriac.coupons,available,2.98,59.98,medium,low,8,namecheap,,,19/09/2026 17:33
98601428-b863-44a8-94a3-5f93c0b95b6c,coasts.coupons,available,5.5,,medium,low,6,unstoppable,,,02/10/2026 22:24
5a8de2eb-2480-4f1a-9c96-b150ce498198,archly.coupons,available,2.98,59.98,medium,low,6,namecheap,,,13/09/2026 20:39
eabcbee2-8623-40d4-93b1-29de955856a5,runner.coupons,available,5.99,54.99,high,low,6,namesilo,,,21/09/2026 22:22
623f2c60-3215-4322-a9b5-4f6160759739,rex.coupons,available,5.99,54.99,high,low,3,namesilo,,,27/09/2026 04:37
be668071-3f08-45e0-b380-66cb343000b4,rallied.coupons,available,2.27,43.67,medium,low,7,spaceship,,,02/10/2026 23:05
d55b26f6-2b9b-4c39-8bd1-9fc3a9d49bbc,eviction.coupons,available,5.99,54.99,high,low,8,namesilo,,,24/09/2026 17:35
1cde5f9e-3479-403e-b689-fc4d8ca8f53b,win.coupons,premium,242,242,high,medium,3,namesilo,,,25/09/2026 11:02
277c3361-e403-4057-802c-d3f504165122,flummox.coupons,available,3.99,71.99,medium,low,7,name.com,,,21/09/2026 17:31
94a81ec0-1a76-4837-8dd5-fc51e7b5b5cc,senator.coupons,available,5.99,54.99,high,low,7,namesilo,,,26/09/2026 00:17
ce1c2fac-d1fb-489b-bc20-42eb649e1982,hanker.coupons,available,2.98,59.98,medium,low,6,namecheap,,,24/08/2026 08:57
85f9c6fc-bb88-4f63-9be2-1b799a6f66eb,anastrophe.coupons,available,5.99,54.99,medium,low,10,namesilo,,,19/09/2026 03:23
dec300d3-31f3-49c3-bad7-8492e09c7788,thirteen.coupons,available,5.99,54.99,high,low,8,namesilo,,,21/09/2026 11:32
169536d1-7103-435a-813a-20317da432f2,asana.coupons,available,5.99,54.99,high,low,5,namesilo,,,20/09/2026 12:49
553424ef-080e-4350-9e54-63c2bda701f4,mbit.coupons,available,5.99,54.99,medium,low,4,namesilo,,,02/10/2026 05:49
45ed68f4-406a-4cb3-be60-b00d93c5c137,planetary.coupons,available,2.98,59.98,high,medium,9,namecheap,,,20/08/2026 14:33
d868be4a-b7ea-48f1-a731-b0d6ffd43a8c,global.coupons,premium,242,242,high,medium,6,namesilo,,,22/09/2026 16:32
e403ba6e-3870-46fb-942e-816601fdbf5e,commercial.coupons,available,2.98,59.98,high,low,10,namecheap,,,27/09/2026 02:31
61cd160c-9772-4fa8-9762-7c183f61ee0d,occupier.coupons,available,2.98,59.98,high,low,8,namecheap,,,09/09/2026 14:58
a5fef11f-a9ad-42ae-9f69-eaf3c49739ad,grudge.coupons,available,2.27,43.67,high,low,6,spaceship,,,29/09/2026 19:05
73da6de7-c7f3-4a24-807f-76095a5be023,cashel.coupons,available,5.99,54.99,medium,low,6,namesilo,,,03/10/2026 04:18
75272c83-1544-462c-b491-cc78b7c74d6a,estimators.coupons,available,5.99,54.99,medium,low,10,namesilo,,,20/09/2026 23:34
6582b47b-50f9-4791-9728-b5c90d2e67bc,readable.coupons,available,2.98,59.98,high,low,8,namecheap,,,13/08/2026 21:32
895e9384-1fce-4136-87fa-7abdb0d32a35,bilateral.coupons,available,2.98,59.98,high,low,9,namecheap,,,09/08/2026 21:14
dc1021ba-9907-4c15-a881-792da0ae33b2,luculent.coupons,available,2.98,59.98,medium,low,8,namecheap,,,24/08/2026 10:52
69a842e4-4a42-454e-a367-d62260372eb7,harriet.coupons,available,2.27,43.67,high,low,7,spaceship,,,27/09/2026 22:29
ae64864e-9d13-4c0e-aa9a-a4c82e3aea2c,capitular.coupons,available,2.98,59.98,medium,low,9,namecheap,,,11/08/2026 17:58
e9d9996b-df9a-4055-b112-4ab153a8a1b2,dickerson.coupons,available,2.27,43.67,medium,low,9,spaceship,,,29/09/2026 09:51
f2fa6d18-942c-4e9f-8852-c3503b4e4fe3,radioactivity.coupons,available,3.99,,medium,low,13,name.com,,,